-- phpMyAdmin SQL Dump
-- version 5.0.4
-- https://www.phpmyadmin.net/
--
-- Host: 127.0.0.1
-- Generation Time: Aug 16, 2021 at 01:07 PM
-- Server version: 10.4.17-MariaDB
-- PHP Version: 7.4.13

SET SQL_MODE = "NO_AUTO_VALUE_ON_ZERO";
START TRANSACTION;
SET time_zone = "+00:00";


/*!40101 SET @OLD_CHARACTER_SET_CLIENT=@@CHARACTER_SET_CLIENT */;
/*!40101 SET @OLD_CHARACTER_SET_RESULTS=@@CHARACTER_SET_RESULTS */;
/*!40101 SET @OLD_COLLATION_CONNECTION=@@COLLATION_CONNECTION */;
/*!40101 SET NAMES utf8mb4 */;

--
-- Database: `klimatas`
--

-- --------------------------------------------------------

--
-- Table structure for table `duoemnys_zali`
--

CREATE TABLE `duoemnys_zali` (
  `id` int(10) UNSIGNED NOT NULL,
  `laikotarpis` int(11) NOT NULL,
  `rodiklis` varchar(255) COLLATE utf8_unicode_ci NOT NULL,
  `miestas` varchar(32) COLLATE utf8_unicode_ci NOT NULL,
  `periodiskumas` varchar(32) COLLATE utf8_unicode_ci NOT NULL,
  `mat_vnt` char(2) COLLATE utf8_unicode_ci NOT NULL,
  `reiksme` decimal(5,1) NOT NULL
) ENGINE=InnoDB DEFAULT CHARSET=utf8 COLLATE=utf8_unicode_ci;

--
-- Dumping data for table `duoemnys_zali`
--

INSERT INTO `duoemnys_zali` (`id`, `laikotarpis`, `rodiklis`, `miestas`, `periodiskumas`, `mat_vnt`, `reiksme`) VALUES
(1, 2020, 'Vidutinė temperatūra', 'Biržai', 'metinė', '°C', '9.2'),
(2, 2020, 'Vidutinė temperatūra', 'Laukuva', 'metinė', '°C', '8.6'),
(3, 2020, 'Vidutinė temperatūra', 'Kaunas', 'metinė', '°C', '9.3'),
(4, 2020, 'Vidutinė temperatūra', 'Klaipėda', 'metinė', '°C', '10.0'),
(5, 2020, 'Vidutinė temperatūra', 'Šiauliai', 'metinė', '°C', '9.2'),
(6, 2020, 'Vidutinė temperatūra', 'Utena', 'metinė', '°C', '8.8'),
(7, 2020, 'Vidutinė temperatūra', 'Varėna', 'metinė', '°C', '9.0'),
(8, 2020, 'Vidutinė temperatūra', 'Vilnius', 'metinė', '°C', '9.0'),
(9, 2020, 'Vidutinė temperatūra', 'Biržai', 'sausio mėn.', '°C', '2.4'),
(10, 2020, 'Vidutinė temperatūra', 'Laukuva', 'sausio mėn.', '°C', '1.9'),
(11, 2020, 'Vidutinė temperatūra', 'Kaunas', 'sausio mėn.', '°C', '2.4'),
(12, 2020, 'Vidutinė temperatūra', 'Klaipėda', 'sausio mėn.', '°C', '4.4'),
(13, 2020, 'Vidutinė temperatūra', 'Šiauliai', 'sausio mėn.', '°C', '2.5'),
(14, 2020, 'Vidutinė temperatūra', 'Utena', 'sausio mėn.', '°C', '2.5'),
(15, 2020, 'Vidutinė temperatūra', 'Varėna', 'sausio mėn.', '°C', '2.3'),
(16, 2020, 'Vidutinė temperatūra', 'Vilnius', 'sausio mėn.', '°C', '2.0'),
(17, 2020, 'Vidutinė temperatūra', 'Biržai', 'liepos mėn.', '°C', '17.0'),
(18, 2020, 'Vidutinė temperatūra', 'Laukuva', 'liepos mėn.', '°C', '16.1'),
(19, 2020, 'Vidutinė temperatūra', 'Kaunas', 'liepos mėn.', '°C', '17.3'),
(20, 2020, 'Vidutinė temperatūra', 'Klaipėda', 'liepos mėn.', '°C', '17.5'),
(21, 2020, 'Vidutinė temperatūra', 'Šiauliai', 'liepos mėn.', '°C', '17.0'),
(22, 2020, 'Vidutinė temperatūra', 'Utena', 'liepos mėn.', '°C', '16.9'),
(23, 2020, 'Vidutinė temperatūra', 'Varėna', 'liepos mėn.', '°C', '17.8'),
(24, 2020, 'Vidutinė temperatūra', 'Vilnius', 'liepos mėn.', '°C', '17.6'),
(25, 2019, 'Vidutinė temperatūra', 'Biržai', 'metinė', '°C', '8.5'),
(26, 2019, 'Vidutinė temperatūra', 'Laukuva', 'metinė', '°C', '8.1'),
(27, 2019, 'Vidutinė temperatūra', 'Kaunas', 'metinė', '°C', '9.0'),
(28, 2019, 'Vidutinė temperatūra', 'Klaipėda', 'metinė', '°C', '9.7'),
(29, 2019, 'Vidutinė temperatūra', 'Šiauliai', 'metinė', '°C', '8.8'),
(30, 2019, 'Vidutinė temperatūra', 'Utena', 'metinė', '°C', '8.5'),
(31, 2019, 'Vidutinė temperatūra', 'Varėna', 'metinė', '°C', '8.8'),
(32, 2019, 'Vidutinė temperatūra', 'Vilnius', 'metinė', '°C', '8.8'),
(33, 2019, 'Vidutinė temperatūra', 'Biržai', 'sausio mėn.', '°C', '-5.1'),
(34, 2019, 'Vidutinė temperatūra', 'Laukuva', 'sausio mėn.', '°C', '-4.4'),
(35, 2019, 'Vidutinė temperatūra', 'Kaunas', 'sausio mėn.', '°C', '-4.4'),
(36, 2019, 'Vidutinė temperatūra', 'Klaipėda', 'sausio mėn.', '°C', '-1.2'),
(37, 2019, 'Vidutinė temperatūra', 'Šiauliai', 'sausio mėn.', '°C', '-4.0'),
(38, 2019, 'Vidutinė temperatūra', 'Utena', 'sausio mėn.', '°C', '-4.4'),
(39, 2019, 'Vidutinė temperatūra', 'Varėna', 'sausio mėn.', '°C', '-4.4'),
(40, 2019, 'Vidutinė temperatūra', 'Vilnius', 'sausio mėn.', '°C', '-4.4'),
(41, 2019, 'Vidutinė temperatūra', 'Biržai', 'liepos mėn.', '°C', '16.9'),
(42, 2019, 'Vidutinė temperatūra', 'Laukuva', 'liepos mėn.', '°C', '16.0'),
(43, 2019, 'Vidutinė temperatūra', 'Kaunas', 'liepos mėn.', '°C', '17.2'),
(44, 2019, 'Vidutinė temperatūra', 'Klaipėda', 'liepos mėn.', '°C', '17.2'),
(45, 2019, 'Vidutinė temperatūra', 'Šiauliai', 'liepos mėn.', '°C', '17.0'),
(46, 2019, 'Vidutinė temperatūra', 'Utena', 'liepos mėn.', '°C', '16.5'),
(47, 2019, 'Vidutinė temperatūra', 'Varėna', 'liepos mėn.', '°C', '17.0'),
(48, 2019, 'Vidutinė temperatūra', 'Vilnius', 'liepos mėn.', '°C', '17.1'),
(49, 2018, 'Vidutinė temperatūra', 'Biržai', 'metinė', '°C', '7.6'),
(50, 2018, 'Vidutinė temperatūra', 'Laukuva', 'metinė', '°C', '7.5'),
(51, 2018, 'Vidutinė temperatūra', 'Kaunas', 'metinė', '°C', '8.3'),
(52, 2018, 'Vidutinė temperatūra', 'Klaipėda', 'metinė', '°C', '8.8'),
(53, 2018, 'Vidutinė temperatūra', 'Šiauliai', 'metinė', '°C', '8.1'),
(54, 2018, 'Vidutinė temperatūra', 'Utena', 'metinė', '°C', '7.7'),
(55, 2018, 'Vidutinė temperatūra', 'Varėna', 'metinė', '°C', '8.0'),
(56, 2018, 'Vidutinė temperatūra', 'Vilnius', 'metinė', '°C', '8.0'),
(57, 2018, 'Vidutinė temperatūra', 'Biržai', 'sausio mėn.', '°C', '-2.1'),
(58, 2018, 'Vidutinė temperatūra', 'Laukuva', 'sausio mėn.', '°C', '-1.9'),
(59, 2018, 'Vidutinė temperatūra', 'Kaunas', 'sausio mėn.', '°C', '-1.6'),
(60, 2018, 'Vidutinė temperatūra', 'Klaipėda', 'sausio mėn.', '°C', '-0.1'),
(61, 2018, 'Vidutinė temperatūra', 'Šiauliai', 'sausio mėn.', '°C', '-1.6'),
(62, 2018, 'Vidutinė temperatūra', 'Utena', 'sausio mėn.', '°C', '-1.9'),
(63, 2018, 'Vidutinė temperatūra', 'Varėna', 'sausio mėn.', '°C', '-1.9'),
(64, 2018, 'Vidutinė temperatūra', 'Vilnius', 'sausio mėn.', '°C', '-2.6'),
(65, 2018, 'Vidutinė temperatūra', 'Biržai', 'liepos mėn.', '°C', '20.0'),
(66, 2018, 'Vidutinė temperatūra', 'Laukuva', 'liepos mėn.', '°C', '19.5'),
(67, 2018, 'Vidutinė temperatūra', 'Kaunas', 'liepos mėn.', '°C', '20.2'),
(68, 2018, 'Vidutinė temperatūra', 'Klaipėda', 'liepos mėn.', '°C', '19.3'),
(69, 2018, 'Vidutinė temperatūra', 'Šiauliai', 'liepos mėn.', '°C', '20.2'),
(70, 2018, 'Vidutinė temperatūra', 'Utena', 'liepos mėn.', '°C', '19.7'),
(71, 2018, 'Vidutinė temperatūra', 'Varėna', 'liepos mėn.', '°C', '19.8'),
(72, 2018, 'Vidutinė temperatūra', 'Vilnius', 'liepos mėn.', '°C', '19.5'),
(73, 2017, 'Vidutinė temperatūra', 'Biržai', 'metinė', '°C', '7.0'),
(74, 2017, 'Vidutinė temperatūra', 'Laukuva', 'metinė', '°C', '6.9'),
(75, 2017, 'Vidutinė temperatūra', 'Kaunas', 'metinė', '°C', '7.7'),
(76, 2017, 'Vidutinė temperatūra', 'Klaipėda', 'metinė', '°C', '8.4'),
(77, 2017, 'Vidutinė temperatūra', 'Šiauliai', 'metinė', '°C', '7.5'),
(78, 2017, 'Vidutinė temperatūra', 'Utena', 'metinė', '°C', '7.2'),
(79, 2017, 'Vidutinė temperatūra', 'Varėna', 'metinė', '°C', '7.5'),
(80, 2017, 'Vidutinė temperatūra', 'Vilnius', 'metinė', '°C', '7.3'),
(81, 2017, 'Vidutinė temperatūra', 'Biržai', 'sausio mėn.', '°C', '-3.3'),
(82, 2017, 'Vidutinė temperatūra', 'Laukuva', 'sausio mėn.', '°C', '-3.3'),
(83, 2017, 'Vidutinė temperatūra', 'Kaunas', 'sausio mėn.', '°C', '-3.7'),
(84, 2017, 'Vidutinė temperatūra', 'Klaipėda', 'sausio mėn.', '°C', '-0.9'),
(85, 2017, 'Vidutinė temperatūra', 'Šiauliai', 'sausio mėn.', '°C', '-2.7'),
(86, 2017, 'Vidutinė temperatūra', 'Utena', 'sausio mėn.', '°C', '-3.9'),
(87, 2017, 'Vidutinė temperatūra', 'Varėna', 'sausio mėn.', '°C', '-4.4'),
(88, 2017, 'Vidutinė temperatūra', 'Vilnius', 'sausio mėn.', '°C', '-4.6'),
(89, 2017, 'Vidutinė temperatūra', 'Biržai', 'liepos mėn.', '°C', '16.1'),
(90, 2017, 'Vidutinė temperatūra', 'Laukuva', 'liepos mėn.', '°C', '15.7'),
(91, 2017, 'Vidutinė temperatūra', 'Kaunas', 'liepos mėn.', '°C', '16.8'),
(92, 2017, 'Vidutinė temperatūra', 'Klaipėda', 'liepos mėn.', '°C', '17.0'),
(93, 2017, 'Vidutinė temperatūra', 'Šiauliai', 'liepos mėn.', '°C', '16.4'),
(94, 2017, 'Vidutinė temperatūra', 'Utena', 'liepos mėn.', '°C', '16.4'),
(95, 2017, 'Vidutinė temperatūra', 'Varėna', 'liepos mėn.', '°C', '16.7'),
(96, 2017, 'Vidutinė temperatūra', 'Vilnius', 'liepos mėn.', '°C', '16.7'),
(97, 2016, 'Vidutinė temperatūra', 'Biržai', 'metinė', '°C', '7.4'),
(98, 2016, 'Vidutinė temperatūra', 'Laukuva', 'metinė', '°C', '7.1'),
(99, 2016, 'Vidutinė temperatūra', 'Kaunas', 'metinė', '°C', '7.7'),
(100, 2016, 'Vidutinė temperatūra', 'Klaipėda', 'metinė', '°C', '8.6'),
(101, 2016, 'Vidutinė temperatūra', 'Šiauliai', 'metinė', '°C', '7.5'),
(102, 2016, 'Vidutinė temperatūra', 'Utena', 'metinė', '°C', '7.2'),
(103, 2016, 'Vidutinė temperatūra', 'Varėna', 'metinė', '°C', '7.4'),
(104, 2016, 'Vidutinė temperatūra', 'Vilnius', 'metinė', '°C', '7.4'),
(105, 2016, 'Vidutinė temperatūra', 'Biržai', 'sausio mėn.', '°C', '-8.3'),
(106, 2016, 'Vidutinė temperatūra', 'Laukuva', 'sausio mėn.', '°C', '-6.9'),
(107, 2016, 'Vidutinė temperatūra', 'Kaunas', 'sausio mėn.', '°C', '-6.9'),
(108, 2016, 'Vidutinė temperatūra', 'Klaipėda', 'sausio mėn.', '°C', '-4.1'),
(109, 2016, 'Vidutinė temperatūra', 'Šiauliai', 'sausio mėn.', '°C', '-7.5'),
(110, 2016, 'Vidutinė temperatūra', 'Utena', 'sausio mėn.', '°C', '-8.3'),
(111, 2016, 'Vidutinė temperatūra', 'Varėna', 'sausio mėn.', '°C', '-7.2'),
(112, 2016, 'Vidutinė temperatūra', 'Vilnius', 'sausio mėn.', '°C', '-7.6'),
(113, 2016, 'Vidutinė temperatūra', 'Biržai', 'liepos mėn.', '°C', '18.7'),
(114, 2016, 'Vidutinė temperatūra', 'Laukuva', 'liepos mėn.', '°C', '17.4'),
(115, 2016, 'Vidutinė temperatūra', 'Kaunas', 'liepos mėn.', '°C', '18.0'),
(116, 2016, 'Vidutinė temperatūra', 'Klaipėda', 'liepos mėn.', '°C', '18.7'),
(117, 2016, 'Vidutinė temperatūra', 'Šiauliai', 'liepos mėn.', '°C', '18.5'),
(118, 2016, 'Vidutinė temperatūra', 'Utena', 'liepos mėn.', '°C', '18.3'),
(119, 2016, 'Vidutinė temperatūra', 'Varėna', 'liepos mėn.', '°C', '18.5'),
(120, 2016, 'Vidutinė temperatūra', 'Vilnius', 'liepos mėn.', '°C', '18.2'),
(121, 2015, 'Vidutinė temperatūra', 'Biržai', 'metinė', '°C', '8.2'),
(122, 2015, 'Vidutinė temperatūra', 'Laukuva', 'metinė', '°C', '7.6'),
(123, 2015, 'Vidutinė temperatūra', 'Kaunas', 'metinė', '°C', '8.7'),
(124, 2015, 'Vidutinė temperatūra', 'Klaipėda', 'metinė', '°C', '9.0'),
(125, 2015, 'Vidutinė temperatūra', 'Šiauliai', 'metinė', '°C', '8.0'),
(126, 2015, 'Vidutinė temperatūra', 'Utena', 'metinė', '°C', '8.0'),
(127, 2015, 'Vidutinė temperatūra', 'Varėna', 'metinė', '°C', '8.2'),
(128, 2015, 'Vidutinė temperatūra', 'Vilnius', 'metinė', '°C', '8.2'),
(129, 2015, 'Vidutinė temperatūra', 'Biržai', 'sausio mėn.', '°C', '-0.8'),
(130, 2015, 'Vidutinė temperatūra', 'Laukuva', 'sausio mėn.', '°C', '-0.7'),
(131, 2015, 'Vidutinė temperatūra', 'Kaunas', 'sausio mėn.', '°C', '-0.4'),
(132, 2015, 'Vidutinė temperatūra', 'Klaipėda', 'sausio mėn.', '°C', '1.0'),
(133, 2015, 'Vidutinė temperatūra', 'Šiauliai', 'sausio mėn.', '°C', '-0.8'),
(134, 2015, 'Vidutinė temperatūra', 'Utena', 'sausio mėn.', '°C', '-0.7'),
(135, 2015, 'Vidutinė temperatūra', 'Varėna', 'sausio mėn.', '°C', '-0.6'),
(136, 2015, 'Vidutinė temperatūra', 'Vilnius', 'sausio mėn.', '°C', '-1.1'),
(137, 2015, 'Vidutinė temperatūra', 'Biržai', 'liepos mėn.', '°C', '17.0'),
(138, 2015, 'Vidutinė temperatūra', 'Laukuva', 'liepos mėn.', '°C', '15.9'),
(139, 2015, 'Vidutinė temperatūra', 'Kaunas', 'liepos mėn.', '°C', '17.4'),
(140, 2015, 'Vidutinė temperatūra', 'Klaipėda', 'liepos mėn.', '°C', '17.2'),
(141, 2015, 'Vidutinė temperatūra', 'Šiauliai', 'liepos mėn.', '°C', '16.7'),
(142, 2015, 'Vidutinė temperatūra', 'Utena', 'liepos mėn.', '°C', '16.9'),
(143, 2015, 'Vidutinė temperatūra', 'Varėna', 'liepos mėn.', '°C', '17.5'),
(144, 2015, 'Vidutinė temperatūra', 'Vilnius', 'liepos mėn.', '°C', '17.3'),
(145, 2014, 'Vidutinė temperatūra', 'Biržai', 'metinė', '°C', '7.8'),
(146, 2014, 'Vidutinė temperatūra', 'Laukuva', 'metinė', '°C', '7.4'),
(147, 2014, 'Vidutinė temperatūra', 'Kaunas', 'metinė', '°C', '8.2'),
(148, 2014, 'Vidutinė temperatūra', 'Klaipėda', 'metinė', '°C', '8.6'),
(149, 2014, 'Vidutinė temperatūra', 'Šiauliai', 'metinė', '°C', '7.7'),
(150, 2014, 'Vidutinė temperatūra', 'Utena', 'metinė', '°C', '7.6'),
(151, 2014, 'Vidutinė temperatūra', 'Varėna', 'metinė', '°C', '7.6'),
(152, 2014, 'Vidutinė temperatūra', 'Vilnius', 'metinė', '°C', '7.7'),
(153, 2014, 'Vidutinė temperatūra', 'Biržai', 'sausio mėn.', '°C', '-6.1'),
(154, 2014, 'Vidutinė temperatūra', 'Laukuva', 'sausio mėn.', '°C', '-5.7'),
(155, 2014, 'Vidutinė temperatūra', 'Kaunas', 'sausio mėn.', '°C', '-5.3'),
(156, 2014, 'Vidutinė temperatūra', 'Klaipėda', 'sausio mėn.', '°C', '-4.0'),
(157, 2014, 'Vidutinė temperatūra', 'Šiauliai', 'sausio mėn.', '°C', '-6.1'),
(158, 2014, 'Vidutinė temperatūra', 'Utena', 'sausio mėn.', '°C', '-6.4'),
(159, 2014, 'Vidutinė temperatūra', 'Varėna', 'sausio mėn.', '°C', '-6.1'),
(160, 2014, 'Vidutinė temperatūra', 'Vilnius', 'sausio mėn.', '°C', '-6.4'),
(161, 2014, 'Vidutinė temperatūra', 'Biržai', 'liepos mėn.', '°C', '20.3'),
(162, 2014, 'Vidutinė temperatūra', 'Laukuva', 'liepos mėn.', '°C', '19.5'),
(163, 2014, 'Vidutinė temperatūra', 'Kaunas', 'liepos mėn.', '°C', '20.6'),
(164, 2014, 'Vidutinė temperatūra', 'Klaipėda', 'liepos mėn.', '°C', '21.1'),
(165, 2014, 'Vidutinė temperatūra', 'Šiauliai', 'liepos mėn.', '°C', '19.8'),
(166, 2014, 'Vidutinė temperatūra', 'Utena', 'liepos mėn.', '°C', '19.7'),
(167, 2014, 'Vidutinė temperatūra', 'Varėna', 'liepos mėn.', '°C', '19.6'),
(168, 2014, 'Vidutinė temperatūra', 'Vilnius', 'liepos mėn.', '°C', '20.1'),
(169, 2013, 'Vidutinė temperatūra', 'Biržai', 'metinė', '°C', '7.3'),
(170, 2013, 'Vidutinė temperatūra', 'Laukuva', 'metinė', '°C', '6.8'),
(171, 2013, 'Vidutinė temperatūra', 'Kaunas', 'metinė', '°C', '7.8'),
(172, 2013, 'Vidutinė temperatūra', 'Klaipėda', 'metinė', '°C', '8.1'),
(173, 2013, 'Vidutinė temperatūra', 'Šiauliai', 'metinė', '°C', '7.4'),
(174, 2013, 'Vidutinė temperatūra', 'Utena', 'metinė', '°C', '7.1'),
(175, 2013, 'Vidutinė temperatūra', 'Varėna', 'metinė', '°C', '7.4'),
(176, 2013, 'Vidutinė temperatūra', 'Vilnius', 'metinė', '°C', '7.3'),
(177, 2013, 'Vidutinė temperatūra', 'Biržai', 'sausio mėn.', '°C', '-7.0'),
(178, 2013, 'Vidutinė temperatūra', 'Laukuva', 'sausio mėn.', '°C', '-6.8'),
(179, 2013, 'Vidutinė temperatūra', 'Kaunas', 'sausio mėn.', '°C', '-6.7'),
(180, 2013, 'Vidutinė temperatūra', 'Klaipėda', 'sausio mėn.', '°C', '-4.7'),
(181, 2013, 'Vidutinė temperatūra', 'Šiauliai', 'sausio mėn.', '°C', '-6.6'),
(182, 2013, 'Vidutinė temperatūra', 'Utena', 'sausio mėn.', '°C', '-7.3'),
(183, 2013, 'Vidutinė temperatūra', 'Varėna', 'sausio mėn.', '°C', '-6.5'),
(184, 2013, 'Vidutinė temperatūra', 'Vilnius', 'sausio mėn.', '°C', '-7.0'),
(185, 2013, 'Vidutinė temperatūra', 'Biržai', 'liepos mėn.', '°C', '18.5'),
(186, 2013, 'Vidutinė temperatūra', 'Laukuva', 'liepos mėn.', '°C', '17.5'),
(187, 2013, 'Vidutinė temperatūra', 'Kaunas', 'liepos mėn.', '°C', '18.6'),
(188, 2013, 'Vidutinė temperatūra', 'Klaipėda', 'liepos mėn.', '°C', '18.0'),
(189, 2013, 'Vidutinė temperatūra', 'Šiauliai', 'liepos mėn.', '°C', '18.4'),
(190, 2013, 'Vidutinė temperatūra', 'Utena', 'liepos mėn.', '°C', '18.2'),
(191, 2013, 'Vidutinė temperatūra', 'Varėna', 'liepos mėn.', '°C', '18.3'),
(192, 2013, 'Vidutinė temperatūra', 'Vilnius', 'liepos mėn.', '°C', '18.0'),
(193, 2012, 'Vidutinė temperatūra', 'Biržai', 'metinė', '°C', '6.5'),
(194, 2012, 'Vidutinė temperatūra', 'Laukuva', 'metinė', '°C', '6.1'),
(195, 2012, 'Vidutinė temperatūra', 'Kaunas', 'metinė', '°C', '7.0'),
(196, 2012, 'Vidutinė temperatūra', 'Klaipėda', 'metinė', '°C', '7.5'),
(197, 2012, 'Vidutinė temperatūra', 'Šiauliai', 'metinė', '°C', '6.8'),
(198, 2012, 'Vidutinė temperatūra', 'Utena', 'metinė', '°C', '6.5'),
(199, 2012, 'Vidutinė temperatūra', 'Varėna', 'metinė', '°C', '6.7'),
(200, 2012, 'Vidutinė temperatūra', 'Vilnius', 'metinė', '°C', '6.5'),
(201, 2012, 'Vidutinė temperatūra', 'Biržai', 'sausio mėn.', '°C', '-3.2'),
(202, 2012, 'Vidutinė temperatūra', 'Laukuva', 'sausio mėn.', '°C', '-3.2'),
(203, 2012, 'Vidutinė temperatūra', 'Kaunas', 'sausio mėn.', '°C', '-2.9'),
(204, 2012, 'Vidutinė temperatūra', 'Klaipėda', 'sausio mėn.', '°C', '-1.1'),
(205, 2012, 'Vidutinė temperatūra', 'Šiauliai', 'sausio mėn.', '°C', '-3.5'),
(206, 2012, 'Vidutinė temperatūra', 'Utena', 'sausio mėn.', '°C', '-3.8'),
(207, 2012, 'Vidutinė temperatūra', 'Varėna', 'sausio mėn.', '°C', '-3.6'),
(208, 2012, 'Vidutinė temperatūra', 'Vilnius', 'sausio mėn.', '°C', '-3.9'),
(209, 2012, 'Vidutinė temperatūra', 'Biržai', 'liepos mėn.', '°C', '18.8'),
(210, 2012, 'Vidutinė temperatūra', 'Laukuva', 'liepos mėn.', '°C', '17.7'),
(211, 2012, 'Vidutinė temperatūra', 'Kaunas', 'liepos mėn.', '°C', '19.4'),
(212, 2012, 'Vidutinė temperatūra', 'Klaipėda', 'liepos mėn.', '°C', '18.7'),
(213, 2012, 'Vidutinė temperatūra', 'Šiauliai', 'liepos mėn.', '°C', '19.0'),
(214, 2012, 'Vidutinė temperatūra', 'Utena', 'liepos mėn.', '°C', '19.2'),
(215, 2012, 'Vidutinė temperatūra', 'Varėna', 'liepos mėn.', '°C', '19.6'),
(216, 2012, 'Vidutinė temperatūra', 'Vilnius', 'liepos mėn.', '°C', '19.5'),
(217, 2011, 'Vidutinė temperatūra', 'Biržai', 'metinė', '°C', '7.6'),
(218, 2011, 'Vidutinė temperatūra', 'Laukuva', 'metinė', '°C', '6.9'),
(219, 2011, 'Vidutinė temperatūra', 'Kaunas', 'metinė', '°C', '7.8'),
(220, 2011, 'Vidutinė temperatūra', 'Klaipėda', 'metinė', '°C', '8.5'),
(221, 2011, 'Vidutinė temperatūra', 'Šiauliai', 'metinė', '°C', '7.6'),
(222, 2011, 'Vidutinė temperatūra', 'Utena', 'metinė', '°C', '7.4'),
(223, 2011, 'Vidutinė temperatūra', 'Varėna', 'metinė', '°C', '7.4'),
(224, 2011, 'Vidutinė temperatūra', 'Vilnius', 'metinė', '°C', '7.5'),
(225, 2011, 'Vidutinė temperatūra', 'Biržai', 'sausio mėn.', '°C', '-3.1'),
(226, 2011, 'Vidutinė temperatūra', 'Laukuva', 'sausio mėn.', '°C', '-3.3'),
(227, 2011, 'Vidutinė temperatūra', 'Kaunas', 'sausio mėn.', '°C', '-3.0'),
(228, 2011, 'Vidutinė temperatūra', 'Klaipėda', 'sausio mėn.', '°C', '-1.0'),
(229, 2011, 'Vidutinė temperatūra', 'Šiauliai', 'sausio mėn.', '°C', '-2.8'),
(230, 2011, 'Vidutinė temperatūra', 'Utena', 'sausio mėn.', '°C', '-3.2'),
(231, 2011, 'Vidutinė temperatūra', 'Varėna', 'sausio mėn.', '°C', '-2.7'),
(232, 2011, 'Vidutinė temperatūra', 'Vilnius', 'sausio mėn.', '°C', '-3.3'),
(233, 2011, 'Vidutinė temperatūra', 'Biržai', 'liepos mėn.', '°C', '20.2'),
(234, 2011, 'Vidutinė temperatūra', 'Laukuva', 'liepos mėn.', '°C', '18.3'),
(235, 2011, 'Vidutinė temperatūra', 'Kaunas', 'liepos mėn.', '°C', '19.6'),
(236, 2011, 'Vidutinė temperatūra', 'Klaipėda', 'liepos mėn.', '°C', '19.0'),
(237, 2011, 'Vidutinė temperatūra', 'Šiauliai', 'liepos mėn.', '°C', '19.5'),
(238, 2011, 'Vidutinė temperatūra', 'Utena', 'liepos mėn.', '°C', '20.0'),
(239, 2011, 'Vidutinė temperatūra', 'Varėna', 'liepos mėn.', '°C', '19.2'),
(240, 2011, 'Vidutinė temperatūra', 'Vilnius', 'liepos mėn.', '°C', '19.6'),
(241, 2010, 'Vidutinė temperatūra', 'Biržai', 'metinė', '°C', '6.1'),
(242, 2010, 'Vidutinė temperatūra', 'Laukuva', 'metinė', '°C', '5.4'),
(243, 2010, 'Vidutinė temperatūra', 'Kaunas', 'metinė', '°C', '6.5'),
(244, 2010, 'Vidutinė temperatūra', 'Klaipėda', 'metinė', '°C', '6.6'),
(245, 2010, 'Vidutinė temperatūra', 'Šiauliai', 'metinė', '°C', '6.0'),
(246, 2010, 'Vidutinė temperatūra', 'Utena', 'metinė', '°C', '6.3'),
(247, 2010, 'Vidutinė temperatūra', 'Varėna', 'metinė', '°C', '6.5'),
(248, 2010, 'Vidutinė temperatūra', 'Vilnius', 'metinė', '°C', '6.5'),
(249, 2010, 'Vidutinė temperatūra', 'Biržai', 'sausio mėn.', '°C', '-12.0'),
(250, 2010, 'Vidutinė temperatūra', 'Laukuva', 'sausio mėn.', '°C', '-10.6'),
(251, 2010, 'Vidutinė temperatūra', 'Kaunas', 'sausio mėn.', '°C', '-10.2'),
(252, 2010, 'Vidutinė temperatūra', 'Klaipėda', 'sausio mėn.', '°C', '-8.1'),
(253, 2010, 'Vidutinė temperatūra', 'Šiauliai', 'sausio mėn.', '°C', '-11.6'),
(254, 2010, 'Vidutinė temperatūra', 'Utena', 'sausio mėn.', '°C', '-11.1'),
(255, 2010, 'Vidutinė temperatūra', 'Varėna', 'sausio mėn.', '°C', '-10.6'),
(256, 2010, 'Vidutinė temperatūra', 'Vilnius', 'sausio mėn.', '°C', '-10.4'),
(257, 2010, 'Vidutinė temperatūra', 'Biržai', 'liepos mėn.', '°C', '22.2'),
(258, 2010, 'Vidutinė temperatūra', 'Laukuva', 'liepos mėn.', '°C', '20.4'),
(259, 2010, 'Vidutinė temperatūra', 'Kaunas', 'liepos mėn.', '°C', '21.9'),
(260, 2010, 'Vidutinė temperatūra', 'Klaipėda', 'liepos mėn.', '°C', '20.9'),
(261, 2010, 'Vidutinė temperatūra', 'Šiauliai', 'liepos mėn.', '°C', '21.6'),
(262, 2010, 'Vidutinė temperatūra', 'Utena', 'liepos mėn.', '°C', '22.1'),
(263, 2010, 'Vidutinė temperatūra', 'Varėna', 'liepos mėn.', '°C', '21.7'),
(264, 2010, 'Vidutinė temperatūra', 'Vilnius', 'liepos mėn.', '°C', '21.8'),
(265, 2009, 'Vidutinė temperatūra', 'Biržai', 'metinė', '°C', '6.9'),
(266, 2009, 'Vidutinė temperatūra', 'Laukuva', 'metinė', '°C', '6.4'),
(267, 2009, 'Vidutinė temperatūra', 'Kaunas', 'metinė', '°C', '7.2'),
(268, 2009, 'Vidutinė temperatūra', 'Klaipėda', 'metinė', '°C', '8.1'),
(269, 2009, 'Vidutinė temperatūra', 'Šiauliai', 'metinė', '°C', '7.0'),
(270, 2009, 'Vidutinė temperatūra', 'Utena', 'metinė', '°C', '6.9'),
(271, 2009, 'Vidutinė temperatūra', 'Varėna', 'metinė', '°C', '7.0'),
(272, 2009, 'Vidutinė temperatūra', 'Vilnius', 'metinė', '°C', '6.9'),
(273, 2009, 'Vidutinė temperatūra', 'Biržai', 'sausio mėn.', '°C', '-2.8'),
(274, 2009, 'Vidutinė temperatūra', 'Laukuva', 'sausio mėn.', '°C', '-3.2'),
(275, 2009, 'Vidutinė temperatūra', 'Kaunas', 'sausio mėn.', '°C', '-3.4'),
(276, 2009, 'Vidutinė temperatūra', 'Klaipėda', 'sausio mėn.', '°C', '-0.3'),
(277, 2009, 'Vidutinė temperatūra', 'Šiauliai', 'sausio mėn.', '°C', '-2.4'),
(278, 2009, 'Vidutinė temperatūra', 'Utena', 'sausio mėn.', '°C', '-3.1'),
(279, 2009, 'Vidutinė temperatūra', 'Varėna', 'sausio mėn.', '°C', '-3.8'),
(280, 2009, 'Vidutinė temperatūra', 'Vilnius', 'sausio mėn.', '°C', '-3.8'),
(281, 2009, 'Vidutinė temperatūra', 'Biržai', 'liepos mėn.', '°C', '18.2'),
(282, 2009, 'Vidutinė temperatūra', 'Laukuva', 'liepos mėn.', '°C', '17.2'),
(283, 2009, 'Vidutinė temperatūra', 'Kaunas', 'liepos mėn.', '°C', '18.4'),
(284, 2009, 'Vidutinė temperatūra', 'Klaipėda', 'liepos mėn.', '°C', '18.7'),
(285, 2009, 'Vidutinė temperatūra', 'Šiauliai', 'liepos mėn.', '°C', '18.2'),
(286, 2009, 'Vidutinė temperatūra', 'Utena', 'liepos mėn.', '°C', '18.0'),
(287, 2009, 'Vidutinė temperatūra', 'Varėna', 'liepos mėn.', '°C', '18.3'),
(288, 2009, 'Vidutinė temperatūra', 'Vilnius', 'liepos mėn.', '°C', '18.0'),
(289, 2008, 'Vidutinė temperatūra', 'Biržai', 'metinė', '°C', '8.1'),
(290, 2008, 'Vidutinė temperatūra', 'Laukuva', 'metinė', '°C', '7.6'),
(291, 2008, 'Vidutinė temperatūra', 'Kaunas', 'metinė', '°C', '8.5'),
(292, 2008, 'Vidutinė temperatūra', 'Klaipėda', 'metinė', '°C', '9.1'),
(293, 2008, 'Vidutinė temperatūra', 'Šiauliai', 'metinė', '°C', '8.0'),
(294, 2008, 'Vidutinė temperatūra', 'Utena', 'metinė', '°C', '8.0'),
(295, 2008, 'Vidutinė temperatūra', 'Varėna', 'metinė', '°C', '8.1'),
(296, 2008, 'Vidutinė temperatūra', 'Vilnius', 'metinė', '°C', '7.9'),
(297, 2008, 'Vidutinė temperatūra', 'Biržai', 'sausio mėn.', '°C', '0.8'),
(298, 2008, 'Vidutinė temperatūra', 'Laukuva', 'sausio mėn.', '°C', '0.6'),
(299, 2008, 'Vidutinė temperatūra', 'Kaunas', 'sausio mėn.', '°C', '0.8'),
(300, 2008, 'Vidutinė temperatūra', 'Klaipėda', 'sausio mėn.', '°C', '2.7'),
(301, 2008, 'Vidutinė temperatūra', 'Šiauliai', 'sausio mėn.', '°C', '1.0'),
(302, 2008, 'Vidutinė temperatūra', 'Utena', 'sausio mėn.', '°C', '0.3'),
(303, 2008, 'Vidutinė temperatūra', 'Varėna', 'sausio mėn.', '°C', '0.1'),
(304, 2008, 'Vidutinė temperatūra', 'Vilnius', 'sausio mėn.', '°C', '-0.4'),
(305, 2008, 'Vidutinė temperatūra', 'Biržai', 'liepos mėn.', '°C', '15.6'),
(306, 2008, 'Vidutinė temperatūra', 'Laukuva', 'liepos mėn.', '°C', '15.0'),
(307, 2008, 'Vidutinė temperatūra', 'Kaunas', 'liepos mėn.', '°C', '16.0'),
(308, 2008, 'Vidutinė temperatūra', 'Klaipėda', 'liepos mėn.', '°C', '15.9'),
(309, 2008, 'Vidutinė temperatūra', 'Šiauliai', 'liepos mėn.', '°C', '15.5'),
(310, 2008, 'Vidutinė temperatūra', 'Utena', 'liepos mėn.', '°C', '15.4'),
(311, 2008, 'Vidutinė temperatūra', 'Varėna', 'liepos mėn.', '°C', '15.8'),
(312, 2008, 'Vidutinė temperatūra', 'Vilnius', 'liepos mėn.', '°C', '15.8'),
(313, 2007, 'Vidutinė temperatūra', 'Biržai', 'metinė', '°C', '7.5'),
(314, 2007, 'Vidutinė temperatūra', 'Laukuva', 'metinė', '°C', '7.1'),
(315, 2007, 'Vidutinė temperatūra', 'Kaunas', 'metinė', '°C', '8.1'),
(316, 2007, 'Vidutinė temperatūra', 'Klaipėda', 'metinė', '°C', '8.8'),
(317, 2007, 'Vidutinė temperatūra', 'Šiauliai', 'metinė', '°C', '7.6'),
(318, 2007, 'Vidutinė temperatūra', 'Utena', 'metinė', '°C', '7.4'),
(319, 2007, 'Vidutinė temperatūra', 'Varėna', 'metinė', '°C', '7.8'),
(320, 2007, 'Vidutinė temperatūra', 'Vilnius', 'metinė', '°C', '7.7'),
(321, 2007, 'Vidutinė temperatūra', 'Biržai', 'sausio mėn.', '°C', '0.3'),
(322, 2007, 'Vidutinė temperatūra', 'Laukuva', 'sausio mėn.', '°C', '0.5'),
(323, 2007, 'Vidutinė temperatūra', 'Kaunas', 'sausio mėn.', '°C', '1.3'),
(324, 2007, 'Vidutinė temperatūra', 'Klaipėda', 'sausio mėn.', '°C', '3.1'),
(325, 2007, 'Vidutinė temperatūra', 'Šiauliai', 'sausio mėn.', '°C', '0.5'),
(326, 2007, 'Vidutinė temperatūra', 'Utena', 'sausio mėn.', '°C', '0.3'),
(327, 2007, 'Vidutinė temperatūra', 'Varėna', 'sausio mėn.', '°C', '1.3'),
(328, 2007, 'Vidutinė temperatūra', 'Vilnius', 'sausio mėn.', '°C', '0.6'),
(329, 2007, 'Vidutinė temperatūra', 'Biržai', 'liepos mėn.', '°C', '17.1'),
(330, 2007, 'Vidutinė temperatūra', 'Laukuva', 'liepos mėn.', '°C', '15.7'),
(331, 2007, 'Vidutinė temperatūra', 'Kaunas', 'liepos mėn.', '°C', '17.1'),
(332, 2007, 'Vidutinė temperatūra', 'Klaipėda', 'liepos mėn.', '°C', '16.8'),
(333, 2007, 'Vidutinė temperatūra', 'Šiauliai', 'liepos mėn.', '°C', '16.8'),
(334, 2007, 'Vidutinė temperatūra', 'Utena', 'liepos mėn.', '°C', '17.1'),
(335, 2007, 'Vidutinė temperatūra', 'Varėna', 'liepos mėn.', '°C', '17.2'),
(336, 2007, 'Vidutinė temperatūra', 'Vilnius', 'liepos mėn.', '°C', '17.0'),
(337, 2006, 'Vidutinė temperatūra', 'Biržai', 'metinė', '°C', '7.4'),
(338, 2006, 'Vidutinė temperatūra', 'Laukuva', 'metinė', '°C', '6.9'),
(339, 2006, 'Vidutinė temperatūra', 'Kaunas', 'metinė', '°C', '7.6'),
(340, 2006, 'Vidutinė temperatūra', 'Klaipėda', 'metinė', '°C', '8.5'),
(341, 2006, 'Vidutinė temperatūra', 'Šiauliai', 'metinė', '°C', '7.5'),
(342, 2006, 'Vidutinė temperatūra', 'Utena', 'metinė', '°C', '7.0'),
(343, 2006, 'Vidutinė temperatūra', 'Varėna', 'metinė', '°C', '7.1'),
(344, 2006, 'Vidutinė temperatūra', 'Vilnius', 'metinė', '°C', '7.1'),
(345, 2006, 'Vidutinė temperatūra', 'Biržai', 'sausio mėn.', '°C', '-6.7'),
(346, 2006, 'Vidutinė temperatūra', 'Laukuva', 'sausio mėn.', '°C', '-7.7'),
(347, 2006, 'Vidutinė temperatūra', 'Kaunas', 'sausio mėn.', '°C', '-7.2'),
(348, 2006, 'Vidutinė temperatūra', 'Klaipėda', 'sausio mėn.', '°C', '-5.5'),
(349, 2006, 'Vidutinė temperatūra', 'Šiauliai', 'sausio mėn.', '°C', '-6.9'),
(350, 2006, 'Vidutinė temperatūra', 'Utena', 'sausio mėn.', '°C', '-7.2'),
(351, 2006, 'Vidutinė temperatūra', 'Varėna', 'sausio mėn.', '°C', '-7.7'),
(352, 2006, 'Vidutinė temperatūra', 'Vilnius', 'sausio mėn.', '°C', '-7.8'),
(353, 2006, 'Vidutinė temperatūra', 'Biržai', 'liepos mėn.', '°C', '20.8'),
(354, 2006, 'Vidutinė temperatūra', 'Laukuva', 'liepos mėn.', '°C', '20.2'),
(355, 2006, 'Vidutinė temperatūra', 'Kaunas', 'liepos mėn.', '°C', '20.9'),
(356, 2006, 'Vidutinė temperatūra', 'Klaipėda', 'liepos mėn.', '°C', '19.6'),
(357, 2006, 'Vidutinė temperatūra', 'Šiauliai', 'liepos mėn.', '°C', '20.8'),
(358, 2006, 'Vidutinė temperatūra', 'Utena', 'liepos mėn.', '°C', '20.1'),
(359, 2006, 'Vidutinė temperatūra', 'Varėna', 'liepos mėn.', '°C', '20.5'),
(360, 2006, 'Vidutinė temperatūra', 'Vilnius', 'liepos mėn.', '°C', '20.8'),
(361, 2005, 'Vidutinė temperatūra', 'Biržai', 'metinė', '°C', '6.6'),
(362, 2005, 'Vidutinė temperatūra', 'Laukuva', 'metinė', '°C', '6.2'),
(363, 2005, 'Vidutinė temperatūra', 'Kaunas', 'metinė', '°C', '7.0'),
(364, 2005, 'Vidutinė temperatūra', 'Klaipėda', 'metinė', '°C', '7.9'),
(365, 2005, 'Vidutinė temperatūra', 'Šiauliai', 'metinė', '°C', '6.8'),
(366, 2005, 'Vidutinė temperatūra', 'Utena', 'metinė', '°C', '6.5'),
(367, 2005, 'Vidutinė temperatūra', 'Varėna', 'metinė', '°C', '6.7'),
(368, 2005, 'Vidutinė temperatūra', 'Vilnius', 'metinė', '°C', '6.7'),
(369, 2005, 'Vidutinė temperatūra', 'Biržai', 'sausio mėn.', '°C', '-0.8'),
(370, 2005, 'Vidutinė temperatūra', 'Laukuva', 'sausio mėn.', '°C', '-0.8'),
(371, 2005, 'Vidutinė temperatūra', 'Kaunas', 'sausio mėn.', '°C', '-0.3'),
(372, 2005, 'Vidutinė temperatūra', 'Klaipėda', 'sausio mėn.', '°C', '1.6'),
(373, 2005, 'Vidutinė temperatūra', 'Šiauliai', 'sausio mėn.', '°C', '-0.4'),
(374, 2005, 'Vidutinė temperatūra', 'Utena', 'sausio mėn.', '°C', '-0.8'),
(375, 2005, 'Vidutinė temperatūra', 'Varėna', 'sausio mėn.', '°C', '-0.4'),
(376, 2005, 'Vidutinė temperatūra', 'Vilnius', 'sausio mėn.', '°C', '-0.9'),
(377, 2005, 'Vidutinė temperatūra', 'Biržai', 'liepos mėn.', '°C', '18.9'),
(378, 2005, 'Vidutinė temperatūra', 'Laukuva', 'liepos mėn.', '°C', '18.0'),
(379, 2005, 'Vidutinė temperatūra', 'Kaunas', 'liepos mėn.', '°C', '19.0'),
(380, 2005, 'Vidutinė temperatūra', 'Klaipėda', 'liepos mėn.', '°C', '19.3'),
(381, 2005, 'Vidutinė temperatūra', 'Šiauliai', 'liepos mėn.', '°C', '18.9'),
(382, 2005, 'Vidutinė temperatūra', 'Utena', 'liepos mėn.', '°C', '18.4'),
(383, 2005, 'Vidutinė temperatūra', 'Varėna', 'liepos mėn.', '°C', '18.6'),
(384, 2005, 'Vidutinė temperatūra', 'Vilnius', 'liepos mėn.', '°C', '19.1'),
(385, 2004, 'Vidutinė temperatūra', 'Biržai', 'metinė', '°C', '6.6'),
(386, 2004, 'Vidutinė temperatūra', 'Laukuva', 'metinė', '°C', '6.0'),
(387, 2004, 'Vidutinė temperatūra', 'Kaunas', 'metinė', '°C', '6.9'),
(388, 2004, 'Vidutinė temperatūra', 'Klaipėda', 'metinė', '°C', '7.9'),
(389, 2004, 'Vidutinė temperatūra', 'Šiauliai', 'metinė', '°C', '6.7'),
(390, 2004, 'Vidutinė temperatūra', 'Utena', 'metinė', '°C', '6.5'),
(391, 2004, 'Vidutinė temperatūra', 'Varėna', 'metinė', '°C', '6.7'),
(392, 2004, 'Vidutinė temperatūra', 'Vilnius', 'metinė', '°C', '6.3'),
(393, 2004, 'Vidutinė temperatūra', 'Biržai', 'sausio mėn.', '°C', '-7.0'),
(394, 2004, 'Vidutinė temperatūra', 'Laukuva', 'sausio mėn.', '°C', '-7.5'),
(395, 2004, 'Vidutinė temperatūra', 'Kaunas', 'sausio mėn.', '°C', '-7.4'),
(396, 2004, 'Vidutinė temperatūra', 'Klaipėda', 'sausio mėn.', '°C', '-5.2'),
(397, 2004, 'Vidutinė temperatūra', 'Šiauliai', 'sausio mėn.', '°C', '-7.0'),
(398, 2004, 'Vidutinė temperatūra', 'Utena', 'sausio mėn.', '°C', '-7.6'),
(399, 2004, 'Vidutinė temperatūra', 'Varėna', 'sausio mėn.', '°C', '-7.3'),
(400, 2004, 'Vidutinė temperatūra', 'Vilnius', 'sausio mėn.', '°C', '-7.7'),
(401, 2004, 'Vidutinė temperatūra', 'Biržai', 'liepos mėn.', '°C', '16.7'),
(402, 2004, 'Vidutinė temperatūra', 'Laukuva', 'liepos mėn.', '°C', '15.2'),
(403, 2004, 'Vidutinė temperatūra', 'Kaunas', 'liepos mėn.', '°C', '16.6'),
(404, 2004, 'Vidutinė temperatūra', 'Klaipėda', 'liepos mėn.', '°C', '16.7'),
(405, 2004, 'Vidutinė temperatūra', 'Šiauliai', 'liepos mėn.', '°C', '16.4'),
(406, 2004, 'Vidutinė temperatūra', 'Utena', 'liepos mėn.', '°C', '16.7'),
(407, 2004, 'Vidutinė temperatūra', 'Varėna', 'liepos mėn.', '°C', '16.5'),
(408, 2004, 'Vidutinė temperatūra', 'Vilnius', 'liepos mėn.', '°C', '16.5'),
(409, 2003, 'Vidutinė temperatūra', 'Biržai', 'metinė', '°C', '6.7'),
(410, 2003, 'Vidutinė temperatūra', 'Laukuva', 'metinė', '°C', '6.2'),
(411, 2003, 'Vidutinė temperatūra', 'Kaunas', 'metinė', '°C', '6.9'),
(412, 2003, 'Vidutinė temperatūra', 'Klaipėda', 'metinė', '°C', '7.7'),
(413, 2003, 'Vidutinė temperatūra', 'Šiauliai', 'metinė', '°C', '6.8'),
(414, 2003, 'Vidutinė temperatūra', 'Utena', 'metinė', '°C', '6.4'),
(415, 2003, 'Vidutinė temperatūra', 'Varėna', 'metinė', '°C', '6.6'),
(416, 2003, 'Vidutinė temperatūra', 'Vilnius', 'metinė', '°C', '6.5'),
(417, 2003, 'Vidutinė temperatūra', 'Biržai', 'sausio mėn.', '°C', '-5.6'),
(418, 2003, 'Vidutinė temperatūra', 'Laukuva', 'sausio mėn.', '°C', '-5.4'),
(419, 2003, 'Vidutinė temperatūra', 'Kaunas', 'sausio mėn.', '°C', '-5.0'),
(420, 2003, 'Vidutinė temperatūra', 'Klaipėda', 'sausio mėn.', '°C', '-3.2'),
(421, 2003, 'Vidutinė temperatūra', 'Šiauliai', 'sausio mėn.', '°C', '-4.8'),
(422, 2003, 'Vidutinė temperatūra', 'Utena', 'sausio mėn.', '°C', '-5.5'),
(423, 2003, 'Vidutinė temperatūra', 'Varėna', 'sausio mėn.', '°C', '-5.5'),
(424, 2003, 'Vidutinė temperatūra', 'Vilnius', 'sausio mėn.', '°C', '-5.9'),
(425, 2003, 'Vidutinė temperatūra', 'Biržai', 'liepos mėn.', '°C', '20.4'),
(426, 2003, 'Vidutinė temperatūra', 'Laukuva', 'liepos mėn.', '°C', '19.3'),
(427, 2003, 'Vidutinė temperatūra', 'Kaunas', 'liepos mėn.', '°C', '20.1'),
(428, 2003, 'Vidutinė temperatūra', 'Klaipėda', 'liepos mėn.', '°C', '19.9'),
(429, 2003, 'Vidutinė temperatūra', 'Šiauliai', 'liepos mėn.', '°C', '20.2'),
(430, 2003, 'Vidutinė temperatūra', 'Utena', 'liepos mėn.', '°C', '19.7'),
(431, 2003, 'Vidutinė temperatūra', 'Varėna', 'liepos mėn.', '°C', '19.8'),
(432, 2003, 'Vidutinė temperatūra', 'Vilnius', 'liepos mėn.', '°C', '19.7'),
(433, 2002, 'Vidutinė temperatūra', 'Biržai', 'metinė', '°C', '7.3'),
(434, 2002, 'Vidutinė temperatūra', 'Laukuva', 'metinė', '°C', '7.1'),
(435, 2002, 'Vidutinė temperatūra', 'Kaunas', 'metinė', '°C', '8.1'),
(436, 2002, 'Vidutinė temperatūra', 'Klaipėda', 'metinė', '°C', '8.7'),
(437, 2002, 'Vidutinė temperatūra', 'Šiauliai', 'metinė', '°C', '7.5'),
(438, 2002, 'Vidutinė temperatūra', 'Utena', 'metinė', '°C', '7.2'),
(439, 2002, 'Vidutinė temperatūra', 'Varėna', 'metinė', '°C', '7.5'),
(440, 2002, 'Vidutinė temperatūra', 'Vilnius', 'metinė', '°C', '7.6'),
(441, 2002, 'Vidutinė temperatūra', 'Biržai', 'sausio mėn.', '°C', '-1.9'),
(442, 2002, 'Vidutinė temperatūra', 'Laukuva', 'sausio mėn.', '°C', '-1.4'),
(443, 2002, 'Vidutinė temperatūra', 'Kaunas', 'sausio mėn.', '°C', '-1.5'),
(444, 2002, 'Vidutinė temperatūra', 'Klaipėda', 'sausio mėn.', '°C', '1.1'),
(445, 2002, 'Vidutinė temperatūra', 'Šiauliai', 'sausio mėn.', '°C', '-1.2'),
(446, 2002, 'Vidutinė temperatūra', 'Utena', 'sausio mėn.', '°C', '-2.3'),
(447, 2002, 'Vidutinė temperatūra', 'Varėna', 'sausio mėn.', '°C', '-1.8'),
(448, 2002, 'Vidutinė temperatūra', 'Vilnius', 'sausio mėn.', '°C', '-2.5'),
(449, 2002, 'Vidutinė temperatūra', 'Biržai', 'liepos mėn.', '°C', '20.0'),
(450, 2002, 'Vidutinė temperatūra', 'Laukuva', 'liepos mėn.', '°C', '18.3'),
(451, 2002, 'Vidutinė temperatūra', 'Kaunas', 'liepos mėn.', '°C', '20.6'),
(452, 2002, 'Vidutinė temperatūra', 'Klaipėda', 'liepos mėn.', '°C', '19.6'),
(453, 2002, 'Vidutinė temperatūra', 'Šiauliai', 'liepos mėn.', '°C', '19.5'),
(454, 2002, 'Vidutinė temperatūra', 'Utena', 'liepos mėn.', '°C', '20.2'),
(455, 2002, 'Vidutinė temperatūra', 'Varėna', 'liepos mėn.', '°C', '20.6'),
(456, 2002, 'Vidutinė temperatūra', 'Vilnius', 'liepos mėn.', '°C', '20.8'),
(457, 2001, 'Vidutinė temperatūra', 'Biržai', 'metinė', '°C', '6.9'),
(458, 2001, 'Vidutinė temperatūra', 'Laukuva', 'metinė', '°C', '6.5'),
(459, 2001, 'Vidutinė temperatūra', 'Kaunas', 'metinė', '°C', '7.3'),
(460, 2001, 'Vidutinė temperatūra', 'Klaipėda', 'metinė', '°C', '7.9'),
(461, 2001, 'Vidutinė temperatūra', 'Šiauliai', 'metinė', '°C', '7.1'),
(462, 2001, 'Vidutinė temperatūra', 'Utena', 'metinė', '°C', '6.8'),
(463, 2001, 'Vidutinė temperatūra', 'Varėna', 'metinė', '°C', '7.0'),
(464, 2001, 'Vidutinė temperatūra', 'Vilnius', 'metinė', '°C', '6.6'),
(465, 2001, 'Vidutinė temperatūra', 'Biržai', 'sausio mėn.', '°C', '-1.2'),
(466, 2001, 'Vidutinė temperatūra', 'Laukuva', 'sausio mėn.', '°C', '-1.5'),
(467, 2001, 'Vidutinė temperatūra', 'Kaunas', 'sausio mėn.', '°C', '-1.0'),
(468, 2001, 'Vidutinė temperatūra', 'Klaipėda', 'sausio mėn.', '°C', '0.4'),
(469, 2001, 'Vidutinė temperatūra', 'Šiauliai', 'sausio mėn.', '°C', '-1.1'),
(470, 2001, 'Vidutinė temperatūra', 'Utena', 'sausio mėn.', '°C', '-1.2'),
(471, 2001, 'Vidutinė temperatūra', 'Varėna', 'sausio mėn.', '°C', '-1.1'),
(472, 2001, 'Vidutinė temperatūra', 'Vilnius', 'sausio mėn.', '°C', '-1.8'),
(473, 2001, 'Vidutinė temperatūra', 'Biržai', 'liepos mėn.', '°C', '21.1'),
(474, 2001, 'Vidutinė temperatūra', 'Laukuva', 'liepos mėn.', '°C', '19.8'),
(475, 2001, 'Vidutinė temperatūra', 'Kaunas', 'liepos mėn.', '°C', '20.9'),
(476, 2001, 'Vidutinė temperatūra', 'Klaipėda', 'liepos mėn.', '°C', '20.1'),
(477, 2001, 'Vidutinė temperatūra', 'Šiauliai', 'liepos mėn.', '°C', '20.8'),
(478, 2001, 'Vidutinė temperatūra', 'Utena', 'liepos mėn.', '°C', '21.1'),
(479, 2001, 'Vidutinė temperatūra', 'Varėna', 'liepos mėn.', '°C', '21.0'),
(480, 2001, 'Vidutinė temperatūra', 'Vilnius', 'liepos mėn.', '°C', '20.8'),
(481, 2000, 'Vidutinė temperatūra', 'Biržai', 'metinė', '°C', '7.8'),
(482, 2000, 'Vidutinė temperatūra', 'Laukuva', 'metinė', '°C', '7.5'),
(483, 2000, 'Vidutinė temperatūra', 'Kaunas', 'metinė', '°C', '8.3'),
(484, 2000, 'Vidutinė temperatūra', 'Klaipėda', 'metinė', '°C', '9.0'),
(485, 2000, 'Vidutinė temperatūra', 'Šiauliai', 'metinė', '°C', '8.0'),
(486, 2000, 'Vidutinė temperatūra', 'Utena', 'metinė', '°C', '7.7'),
(487, 2000, 'Vidutinė temperatūra', 'Varėna', 'metinė', '°C', '8.0'),
(488, 2000, 'Vidutinė temperatūra', 'Vilnius', 'metinė', '°C', '7.8'),
(489, 2000, 'Vidutinė temperatūra', 'Biržai', 'sausio mėn.', '°C', '-2.6'),
(490, 2000, 'Vidutinė temperatūra', 'Laukuva', 'sausio mėn.', '°C', '-2.3'),
(491, 2000, 'Vidutinė temperatūra', 'Kaunas', 'sausio mėn.', '°C', '-2.5'),
(492, 2000, 'Vidutinė temperatūra', 'Klaipėda', 'sausio mėn.', '°C', '0.4'),
(493, 2000, 'Vidutinė temperatūra', 'Šiauliai', 'sausio mėn.', '°C', '-2.0'),
(494, 2000, 'Vidutinė temperatūra', 'Utena', 'sausio mėn.', '°C', '-3.0'),
(495, 2000, 'Vidutinė temperatūra', 'Varėna', 'sausio mėn.', '°C', '-3.2'),
(496, 2000, 'Vidutinė temperatūra', 'Vilnius', 'sausio mėn.', '°C', '-3.4'),
(497, 2000, 'Vidutinė temperatūra', 'Biržai', 'liepos mėn.', '°C', '16.2'),
(498, 2000, 'Vidutinė temperatūra', 'Laukuva', 'liepos mėn.', '°C', '15.2'),
(499, 2000, 'Vidutinė temperatūra', 'Kaunas', 'liepos mėn.', '°C', '16.2'),
(500, 2000, 'Vidutinė temperatūra', 'Klaipėda', 'liepos mėn.', '°C', '16.2'),
(501, 2000, 'Vidutinė temperatūra', 'Šiauliai', 'liepos mėn.', '°C', '16.2'),
(502, 2000, 'Vidutinė temperatūra', 'Utena', 'liepos mėn.', '°C', '15.9'),
(503, 2000, 'Vidutinė temperatūra', 'Varėna', 'liepos mėn.', '°C', '16.0'),
(504, 2000, 'Vidutinė temperatūra', 'Vilnius', 'liepos mėn.', '°C', '15.8'),
(505, 1999, 'Vidutinė temperatūra', 'Biržai', 'metinė', '°C', '7.4'),
(506, 1999, 'Vidutinė temperatūra', 'Laukuva', 'metinė', '°C', '7.0'),
(507, 1999, 'Vidutinė temperatūra', 'Kaunas', 'metinė', '°C', '7.8'),
(508, 1999, 'Vidutinė temperatūra', 'Klaipėda', 'metinė', '°C', '8.4'),
(509, 1999, 'Vidutinė temperatūra', 'Šiauliai', 'metinė', '°C', '7.6'),
(510, 1999, 'Vidutinė temperatūra', 'Utena', 'metinė', '°C', '7.4'),
(511, 1999, 'Vidutinė temperatūra', 'Varėna', 'metinė', '°C', '7.6'),
(512, 1999, 'Vidutinė temperatūra', 'Vilnius', 'metinė', '°C', '7.6'),
(513, 1999, 'Vidutinė temperatūra', 'Biržai', 'sausio mėn.', '°C', '-2.8'),
(514, 1999, 'Vidutinė temperatūra', 'Laukuva', 'sausio mėn.', '°C', '-2.2'),
(515, 1999, 'Vidutinė temperatūra', 'Kaunas', 'sausio mėn.', '°C', '-2.1'),
(516, 1999, 'Vidutinė temperatūra', 'Klaipėda', 'sausio mėn.', '°C', '-0.6'),
(517, 1999, 'Vidutinė temperatūra', 'Šiauliai', 'sausio mėn.', '°C', '-2.1'),
(518, 1999, 'Vidutinė temperatūra', 'Utena', 'sausio mėn.', '°C', '-2.5'),
(519, 1999, 'Vidutinė temperatūra', 'Varėna', 'sausio mėn.', '°C', '-2.3'),
(520, 1999, 'Vidutinė temperatūra', 'Vilnius', 'sausio mėn.', '°C', '-2.8'),
(521, 1999, 'Vidutinė temperatūra', 'Biržai', 'liepos mėn.', '°C', '19.5'),
(522, 1999, 'Vidutinė temperatūra', 'Laukuva', 'liepos mėn.', '°C', '18.4'),
(523, 1999, 'Vidutinė temperatūra', 'Kaunas', 'liepos mėn.', '°C', '20.0'),
(524, 1999, 'Vidutinė temperatūra', 'Klaipėda', 'liepos mėn.', '°C', '19.4'),
(525, 1999, 'Vidutinė temperatūra', 'Šiauliai', 'liepos mėn.', '°C', '19.4'),
(526, 1999, 'Vidutinė temperatūra', 'Utena', 'liepos mėn.', '°C', '19.7'),
(527, 1999, 'Vidutinė temperatūra', 'Varėna', 'liepos mėn.', '°C', '20.1'),
(528, 1999, 'Vidutinė temperatūra', 'Vilnius', 'liepos mėn.', '°C', '20.5'),
(529, 1998, 'Vidutinė temperatūra', 'Biržai', 'metinė', '°C', '6.4'),
(530, 1998, 'Vidutinė temperatūra', 'Laukuva', 'metinė', '°C', '5.9'),
(531, 1998, 'Vidutinė temperatūra', 'Kaunas', 'metinė', '°C', '6.8'),
(532, 1998, 'Vidutinė temperatūra', 'Klaipėda', 'metinė', '°C', '7.4'),
(533, 1998, 'Vidutinė temperatūra', 'Šiauliai', 'metinė', '°C', '6.5'),
(534, 1998, 'Vidutinė temperatūra', 'Utena', 'metinė', '°C', '6.4'),
(535, 1998, 'Vidutinė temperatūra', 'Varėna', 'metinė', '°C', '6.6'),
(536, 1998, 'Vidutinė temperatūra', 'Vilnius', 'metinė', '°C', '6.4'),
(537, 1998, 'Vidutinė temperatūra', 'Biržai', 'sausio mėn.', '°C', '0.0'),
(538, 1998, 'Vidutinė temperatūra', 'Laukuva', 'sausio mėn.', '°C', '-0.2'),
(539, 1998, 'Vidutinė temperatūra', 'Kaunas', 'sausio mėn.', '°C', '0.1'),
(540, 1998, 'Vidutinė temperatūra', 'Klaipėda', 'sausio mėn.', '°C', '2.0'),
(541, 1998, 'Vidutinė temperatūra', 'Šiauliai', 'sausio mėn.', '°C', '0.1'),
(542, 1998, 'Vidutinė temperatūra', 'Utena', 'sausio mėn.', '°C', '-0.1'),
(543, 1998, 'Vidutinė temperatūra', 'Varėna', 'sausio mėn.', '°C', '-0.4'),
(544, 1998, 'Vidutinė temperatūra', 'Vilnius', 'sausio mėn.', '°C', '-0.7'),
(545, 1998, 'Vidutinė temperatūra', 'Biržai', 'liepos mėn.', '°C', '16.4'),
(546, 1998, 'Vidutinė temperatūra', 'Laukuva', 'liepos mėn.', '°C', '14.8'),
(547, 1998, 'Vidutinė temperatūra', 'Kaunas', 'liepos mėn.', '°C', '16.3'),
(548, 1998, 'Vidutinė temperatūra', 'Klaipėda', 'liepos mėn.', '°C', '15.9'),
(549, 1998, 'Vidutinė temperatūra', 'Šiauliai', 'liepos mėn.', '°C', '16.1'),
(550, 1998, 'Vidutinė temperatūra', 'Utena', 'liepos mėn.', '°C', '16.4'),
(551, 1998, 'Vidutinė temperatūra', 'Varėna', 'liepos mėn.', '°C', '16.6'),
(552, 1998, 'Vidutinė temperatūra', 'Vilnius', 'liepos mėn.', '°C', '16.4'),
(553, 1997, 'Vidutinė temperatūra', 'Biržai', 'metinė', '°C', '6.5'),
(554, 1997, 'Vidutinė temperatūra', 'Laukuva', 'metinė', '°C', '6.2'),
(555, 1997, 'Vidutinė temperatūra', 'Kaunas', 'metinė', '°C', '6.9'),
(556, 1997, 'Vidutinė temperatūra', 'Klaipėda', 'metinė', '°C', '7.7'),
(557, 1997, 'Vidutinė temperatūra', 'Šiauliai', 'metinė', '°C', '6.6'),
(558, 1997, 'Vidutinė temperatūra', 'Utena', 'metinė', '°C', '6.3'),
(559, 1997, 'Vidutinė temperatūra', 'Varėna', 'metinė', '°C', '6.4'),
(560, 1997, 'Vidutinė temperatūra', 'Vilnius', 'metinė', '°C', '6.3'),
(561, 1997, 'Vidutinė temperatūra', 'Biržai', 'sausio mėn.', '°C', '-3.9'),
(562, 1997, 'Vidutinė temperatūra', 'Laukuva', 'sausio mėn.', '°C', '-4.0'),
(563, 1997, 'Vidutinė temperatūra', 'Kaunas', 'sausio mėn.', '°C', '-4.4'),
(564, 1997, 'Vidutinė temperatūra', 'Klaipėda', 'sausio mėn.', '°C', '-1.1'),
(565, 1997, 'Vidutinė temperatūra', 'Šiauliai', 'sausio mėn.', '°C', '-3.2'),
(566, 1997, 'Vidutinė temperatūra', 'Utena', 'sausio mėn.', '°C', '-4.5'),
(567, 1997, 'Vidutinė temperatūra', 'Varėna', 'sausio mėn.', '°C', '-5.6'),
(568, 1997, 'Vidutinė temperatūra', 'Vilnius', 'sausio mėn.', '°C', '-5.4'),
(569, 1997, 'Vidutinė temperatūra', 'Biržai', 'liepos mėn.', '°C', '18.6'),
(570, 1997, 'Vidutinė temperatūra', 'Laukuva', 'liepos mėn.', '°C', '17.8'),
(571, 1997, 'Vidutinė temperatūra', 'Kaunas', 'liepos mėn.', '°C', '18.5'),
(572, 1997, 'Vidutinė temperatūra', 'Klaipėda', 'liepos mėn.', '°C', '18.1'),
(573, 1997, 'Vidutinė temperatūra', 'Šiauliai', 'liepos mėn.', '°C', '18.9'),
(574, 1997, 'Vidutinė temperatūra', 'Utena', 'liepos mėn.', '°C', '18.3'),
(575, 1997, 'Vidutinė temperatūra', 'Varėna', 'liepos mėn.', '°C', '17.8'),
(576, 1997, 'Vidutinė temperatūra', 'Vilnius', 'liepos mėn.', '°C', '17.9'),
(577, 1996, 'Vidutinė temperatūra', 'Biržai', 'metinė', '°C', '5.2'),
(578, 1996, 'Vidutinė temperatūra', 'Laukuva', 'metinė', '°C', '4.7'),
(579, 1996, 'Vidutinė temperatūra', 'Kaunas', 'metinė', '°C', '5.6'),
(580, 1996, 'Vidutinė temperatūra', 'Klaipėda', 'metinė', '°C', '6.3'),
(581, 1996, 'Vidutinė temperatūra', 'Šiauliai', 'metinė', '°C', '5.0'),
(582, 1996, 'Vidutinė temperatūra', 'Utena', 'metinė', '°C', '5.1'),
(583, 1996, 'Vidutinė temperatūra', 'Varėna', 'metinė', '°C', '5.4'),
(584, 1996, 'Vidutinė temperatūra', 'Vilnius', 'metinė', '°C', '5.3'),
(585, 1996, 'Vidutinė temperatūra', 'Biržai', 'sausio mėn.', '°C', '-7.7'),
(586, 1996, 'Vidutinė temperatūra', 'Laukuva', 'sausio mėn.', '°C', '-7.6'),
(587, 1996, 'Vidutinė temperatūra', 'Kaunas', 'sausio mėn.', '°C', '-7.7'),
(588, 1996, 'Vidutinė temperatūra', 'Klaipėda', 'sausio mėn.', '°C', '-5.3'),
(589, 1996, 'Vidutinė temperatūra', 'Šiauliai', 'sausio mėn.', '°C', '-7.9'),
(590, 1996, 'Vidutinė temperatūra', 'Utena', 'sausio mėn.', '°C', '-8.1'),
(591, 1996, 'Vidutinė temperatūra', 'Varėna', 'sausio mėn.', '°C', '-8.5'),
(592, 1996, 'Vidutinė temperatūra', 'Vilnius', 'sausio mėn.', '°C', '-8.8'),
(593, 1996, 'Vidutinė temperatūra', 'Biržai', 'liepos mėn.', '°C', '15.5'),
(594, 1996, 'Vidutinė temperatūra', 'Laukuva', 'liepos mėn.', '°C', '14.1'),
(595, 1996, 'Vidutinė temperatūra', 'Kaunas', 'liepos mėn.', '°C', '15.6'),
(596, 1996, 'Vidutinė temperatūra', 'Klaipėda', 'liepos mėn.', '°C', '15.3'),
(597, 1996, 'Vidutinė temperatūra', 'Šiauliai', 'liepos mėn.', '°C', '15.4'),
(598, 1996, 'Vidutinė temperatūra', 'Utena', 'liepos mėn.', '°C', '15.3'),
(599, 1996, 'Vidutinė temperatūra', 'Varėna', 'liepos mėn.', '°C', '15.6'),
(600, 1996, 'Vidutinė temperatūra', 'Vilnius', 'liepos mėn.', '°C', '15.4'),
(601, 1995, 'Vidutinė temperatūra', 'Biržai', 'metinė', '°C', '6.9'),
(602, 1995, 'Vidutinė temperatūra', 'Laukuva', 'metinė', '°C', '6.3'),
(603, 1995, 'Vidutinė temperatūra', 'Kaunas', 'metinė', '°C', '7.1'),
(604, 1995, 'Vidutinė temperatūra', 'Klaipėda', 'metinė', '°C', '7.9'),
(605, 1995, 'Vidutinė temperatūra', 'Šiauliai', 'metinė', '°C', '6.9'),
(606, 1995, 'Vidutinė temperatūra', 'Utena', 'metinė', '°C', '6.8'),
(607, 1995, 'Vidutinė temperatūra', 'Varėna', 'metinė', '°C', '6.9'),
(608, 1995, 'Vidutinė temperatūra', 'Vilnius', 'metinė', '°C', '6.7'),
(609, 1995, 'Vidutinė temperatūra', 'Biržai', 'sausio mėn.', '°C', '-3.6'),
(610, 1995, 'Vidutinė temperatūra', 'Laukuva', 'sausio mėn.', '°C', '-4.0'),
(611, 1995, 'Vidutinė temperatūra', 'Kaunas', 'sausio mėn.', '°C', '-3.7'),
(612, 1995, 'Vidutinė temperatūra', 'Klaipėda', 'sausio mėn.', '°C', '-1.5'),
(613, 1995, 'Vidutinė temperatūra', 'Šiauliai', 'sausio mėn.', '°C', '-3.6'),
(614, 1995, 'Vidutinė temperatūra', 'Utena', 'sausio mėn.', '°C', '-3.8'),
(615, 1995, 'Vidutinė temperatūra', 'Varėna', 'sausio mėn.', '°C', '-3.8'),
(616, 1995, 'Vidutinė temperatūra', 'Vilnius', 'sausio mėn.', '°C', '-4.3'),
(617, 1995, 'Vidutinė temperatūra', 'Biržai', 'liepos mėn.', '°C', '17.5'),
(618, 1995, 'Vidutinė temperatūra', 'Laukuva', 'liepos mėn.', '°C', '16.8'),
(619, 1995, 'Vidutinė temperatūra', 'Kaunas', 'liepos mėn.', '°C', '18.1'),
(620, 1995, 'Vidutinė temperatūra', 'Klaipėda', 'liepos mėn.', '°C', '17.8'),
(621, 1995, 'Vidutinė temperatūra', 'Šiauliai', 'liepos mėn.', '°C', '17.6'),
(622, 1995, 'Vidutinė temperatūra', 'Utena', 'liepos mėn.', '°C', '17.4'),
(623, 1995, 'Vidutinė temperatūra', 'Varėna', 'liepos mėn.', '°C', '17.9'),
(624, 1995, 'Vidutinė temperatūra', 'Vilnius', 'liepos mėn.', '°C', '18.1'),
(625, 1990, 'Vidutinė temperatūra', 'Biržai', 'metinė', '°C', '7.8'),
(626, 1990, 'Vidutinė temperatūra', 'Laukuva', 'metinė', '°C', '7.5'),
(627, 1990, 'Vidutinė temperatūra', 'Kaunas', 'metinė', '°C', '8.1'),
(628, 1990, 'Vidutinė temperatūra', 'Klaipėda', 'metinė', '°C', '9.0'),
(629, 1990, 'Vidutinė temperatūra', 'Šiauliai', 'metinė', '°C', '7.8'),
(630, 1990, 'Vidutinė temperatūra', 'Utena', 'metinė', '°C', '7.6'),
(631, 1990, 'Vidutinė temperatūra', 'Varėna', 'metinė', '°C', '7.9'),
(632, 1990, 'Vidutinė temperatūra', 'Vilnius', 'metinė', '°C', '7.7'),
(633, 1990, 'Vidutinė temperatūra', 'Biržai', 'sausio mėn.', '°C', '0.2'),
(634, 1990, 'Vidutinė temperatūra', 'Laukuva', 'sausio mėn.', '°C', '0.8'),
(635, 1990, 'Vidutinė temperatūra', 'Kaunas', 'sausio mėn.', '°C', '0.9'),
(636, 1990, 'Vidutinė temperatūra', 'Klaipėda', 'sausio mėn.', '°C', '2.7'),
(637, 1990, 'Vidutinė temperatūra', 'Šiauliai', 'sausio mėn.', '°C', '0.9'),
(638, 1990, 'Vidutinė temperatūra', 'Utena', 'sausio mėn.', '°C', '0.0'),
(639, 1990, 'Vidutinė temperatūra', 'Varėna', 'sausio mėn.', '°C', '0.6'),
(640, 1990, 'Vidutinė temperatūra', 'Vilnius', 'sausio mėn.', '°C', '-0.1'),
(641, 1990, 'Vidutinė temperatūra', 'Biržai', 'liepos mėn.', '°C', '15.9'),
(642, 1990, 'Vidutinė temperatūra', 'Laukuva', 'liepos mėn.', '°C', '15.2'),
(643, 1990, 'Vidutinė temperatūra', 'Kaunas', 'liepos mėn.', '°C', '16.0'),
(644, 1990, 'Vidutinė temperatūra', 'Klaipėda', 'liepos mėn.', '°C', '16.5'),
(645, 1990, 'Vidutinė temperatūra', 'Šiauliai', 'liepos mėn.', '°C', '15.9'),
(646, 1990, 'Vidutinė temperatūra', 'Utena', 'liepos mėn.', '°C', '15.5'),
(647, 1990, 'Vidutinė temperatūra', 'Varėna', 'liepos mėn.', '°C', '15.7'),
(648, 1990, 'Vidutinė temperatūra', 'Vilnius', 'liepos mėn.', '°C', '15.5');

-- --------------------------------------------------------

--
-- Table structure for table `miestai`
--

CREATE TABLE `miestai` (
  `id` int(10) UNSIGNED NOT NULL,
  `pav` varchar(64) COLLATE utf8_unicode_ci NOT NULL,
  `kodas_salies` char(3) COLLATE utf8_unicode_ci NOT NULL,
  `platuma` decimal(10,6) NOT NULL,
  `ilguma` decimal(10,6) NOT NULL,
  `skaicius_gyv` int(10) UNSIGNED NOT NULL,
  `plotas` float NOT NULL,
  `duom_gav_laikas` timestamp NOT NULL DEFAULT current_timestamp() ON UPDATE current_timestamp()
) ENGINE=InnoDB DEFAULT CHARSET=utf8 COLLATE=utf8_unicode_ci;

--
-- Dumping data for table `miestai`
--

INSERT INTO `miestai` (`id`, `pav`, `kodas_salies`, `platuma`, `ilguma`, `skaicius_gyv`, `plotas`, `duom_gav_laikas`) VALUES
(1, 'Vilnius', 'LTL', '0.000000', '0.000000', 800000, 401, '2020-12-08 10:25:13'),
(2, 'Kaunas', 'LTL', '0.000000', '0.000000', 270000, 157, '2020-12-08 10:25:13'),
(3, 'Klaipeda', '', '0.000000', '0.000000', 100000, 200, '2020-12-16 09:08:50'),
(4, 'Šiauliai', 'LTL', '0.000000', '0.000000', 80000, 100, '2021-08-16 10:15:53'),
(5, 'Kėdainiai', 'LTL', '0.000000', '0.000000', 50000, 50000, '2021-08-16 10:16:04'),
(6, 'Biržai', 'LTL', '0.000000', '0.000000', 0, 0, '2021-08-16 10:54:12'),
(7, 'Laukuva', 'LTL', '0.000000', '0.000000', 0, 0, '2021-08-16 10:54:12'),
(8, 'Utena', 'LTL', '0.000000', '0.000000', 0, 0, '2021-08-16 10:54:12'),
(9, 'Varėna', 'LTL', '0.000000', '0.000000', 0, 0, '2021-08-16 10:54:12');

-- --------------------------------------------------------

--
-- Table structure for table `temperaturos`
--

CREATE TABLE `temperaturos` (
  `id` int(10) UNSIGNED NOT NULL,
  `id_miesto` int(10) UNSIGNED NOT NULL,
  `metai` int(11) NOT NULL,
  `laikotarpis` enum('metinė','sausio','liepos') COLLATE utf8_unicode_ci NOT NULL DEFAULT 'metinė',
  `temperatura` decimal(5,1) NOT NULL
) ENGINE=InnoDB DEFAULT CHARSET=utf8 COLLATE=utf8_unicode_ci;

--
-- Dumping data for table `temperaturos`
--

INSERT INTO `temperaturos` (`id`, `id_miesto`, `metai`, `laikotarpis`, `temperatura`) VALUES
(1, 6, 2020, 'metinė', '9.2'),
(2, 7, 2020, 'metinė', '8.6'),
(3, 2, 2020, 'metinė', '9.3'),
(4, 3, 2020, 'metinė', '10.0'),
(5, 4, 2020, 'metinė', '9.2'),
(6, 8, 2020, 'metinė', '8.8'),
(7, 9, 2020, 'metinė', '9.0'),
(8, 1, 2020, 'metinė', '9.0'),
(9, 6, 2020, 'sausio', '2.4'),
(10, 7, 2020, 'sausio', '1.9'),
(11, 2, 2020, 'sausio', '2.4'),
(12, 3, 2020, 'sausio', '4.4'),
(13, 4, 2020, 'sausio', '2.5'),
(14, 8, 2020, 'sausio', '2.5'),
(15, 9, 2020, 'sausio', '2.3'),
(16, 1, 2020, 'sausio', '2.0'),
(17, 6, 2020, 'liepos', '17.0'),
(18, 7, 2020, 'liepos', '16.1'),
(19, 2, 2020, 'liepos', '17.3'),
(20, 3, 2020, 'liepos', '17.5'),
(21, 4, 2020, 'liepos', '17.0'),
(22, 8, 2020, 'liepos', '16.9'),
(23, 9, 2020, 'liepos', '17.8'),
(24, 1, 2020, 'liepos', '17.6'),
(25, 6, 2019, 'metinė', '8.5'),
(26, 7, 2019, 'metinė', '8.1'),
(27, 2, 2019, 'metinė', '9.0'),
(28, 3, 2019, 'metinė', '9.7'),
(29, 4, 2019, 'metinė', '8.8'),
(30, 8, 2019, 'metinė', '8.5'),
(31, 9, 2019, 'metinė', '8.8'),
(32, 1, 2019, 'metinė', '8.8'),
(33, 6, 2019, 'sausio', '-5.1'),
(34, 7, 2019, 'sausio', '-4.4'),
(35, 2, 2019, 'sausio', '-4.4'),
(36, 3, 2019, 'sausio', '-1.2'),
(37, 4, 2019, 'sausio', '-4.0'),
(38, 8, 2019, 'sausio', '-4.4'),
(39, 9, 2019, 'sausio', '-4.4'),
(40, 1, 2019, 'sausio', '-4.4'),
(41, 6, 2019, 'liepos', '16.9'),
(42, 7, 2019, 'liepos', '16.0'),
(43, 2, 2019, 'liepos', '17.2'),
(44, 3, 2019, 'liepos', '17.2'),
(45, 4, 2019, 'liepos', '17.0'),
(46, 8, 2019, 'liepos', '16.5'),
(47, 9, 2019, 'liepos', '17.0'),
(48, 1, 2019, 'liepos', '17.1'),
(49, 6, 2018, 'metinė', '7.6'),
(50, 7, 2018, 'metinė', '7.5'),
(51, 2, 2018, 'metinė', '8.3'),
(52, 3, 2018, 'metinė', '8.8'),
(53, 4, 2018, 'metinė', '8.1'),
(54, 8, 2018, 'metinė', '7.7'),
(55, 9, 2018, 'metinė', '8.0'),
(56, 1, 2018, 'metinė', '8.0'),
(57, 6, 2018, 'sausio', '-2.1'),
(58, 7, 2018, 'sausio', '-1.9'),
(59, 2, 2018, 'sausio', '-1.6'),
(60, 3, 2018, 'sausio', '-0.1'),
(61, 4, 2018, 'sausio', '-1.6'),
(62, 8, 2018, 'sausio', '-1.9'),
(63, 9, 2018, 'sausio', '-1.9'),
(64, 1, 2018, 'sausio', '-2.6'),
(65, 6, 2018, 'liepos', '20.0'),
(66, 7, 2018, 'liepos', '19.5'),
(67, 2, 2018, 'liepos', '20.2'),
(68, 3, 2018, 'liepos', '19.3'),
(69, 4, 2018, 'liepos', '20.2'),
(70, 8, 2018, 'liepos', '19.7'),
(71, 9, 2018, 'liepos', '19.8'),
(72, 1, 2018, 'liepos', '19.5'),
(73, 6, 2017, 'metinė', '7.0'),
(74, 7, 2017, 'metinė', '6.9'),
(75, 2, 2017, 'metinė', '7.7'),
(76, 3, 2017, 'metinė', '8.4'),
(77, 4, 2017, 'metinė', '7.5'),
(78, 8, 2017, 'metinė', '7.2'),
(79, 9, 2017, 'metinė', '7.5'),
(80, 1, 2017, 'metinė', '7.3'),
(81, 6, 2017, 'sausio', '-3.3'),
(82, 7, 2017, 'sausio', '-3.3'),
(83, 2, 2017, 'sausio', '-3.7'),
(84, 3, 2017, 'sausio', '-0.9'),
(85, 4, 2017, 'sausio', '-2.7'),
(86, 8, 2017, 'sausio', '-3.9'),
(87, 9, 2017, 'sausio', '-4.4'),
(88, 1, 2017, 'sausio', '-4.6'),
(89, 6, 2017, 'liepos', '16.1'),
(90, 7, 2017, 'liepos', '15.7'),
(91, 2, 2017, 'liepos', '16.8'),
(92, 3, 2017, 'liepos', '17.0'),
(93, 4, 2017, 'liepos', '16.4'),
(94, 8, 2017, 'liepos', '16.4'),
(95, 9, 2017, 'liepos', '16.7'),
(96, 1, 2017, 'liepos', '16.7'),
(97, 6, 2016, 'metinė', '7.4'),
(98, 7, 2016, 'metinė', '7.1'),
(99, 2, 2016, 'metinė', '7.7'),
(100, 3, 2016, 'metinė', '8.6'),
(101, 4, 2016, 'metinė', '7.5'),
(102, 8, 2016, 'metinė', '7.2'),
(103, 9, 2016, 'metinė', '7.4'),
(104, 1, 2016, 'metinė', '7.4'),
(105, 6, 2016, 'sausio', '-8.3'),
(106, 7, 2016, 'sausio', '-6.9'),
(107, 2, 2016, 'sausio', '-6.9'),
(108, 3, 2016, 'sausio', '-4.1'),
(109, 4, 2016, 'sausio', '-7.5'),
(110, 8, 2016, 'sausio', '-8.3'),
(111, 9, 2016, 'sausio', '-7.2'),
(112, 1, 2016, 'sausio', '-7.6'),
(113, 6, 2016, 'liepos', '18.7'),
(114, 7, 2016, 'liepos', '17.4'),
(115, 2, 2016, 'liepos', '18.0'),
(116, 3, 2016, 'liepos', '18.7'),
(117, 4, 2016, 'liepos', '18.5'),
(118, 8, 2016, 'liepos', '18.3'),
(119, 9, 2016, 'liepos', '18.5'),
(120, 1, 2016, 'liepos', '18.2'),
(121, 6, 2015, 'metinė', '8.2'),
(122, 7, 2015, 'metinė', '7.6'),
(123, 2, 2015, 'metinė', '8.7'),
(124, 3, 2015, 'metinė', '9.0'),
(125, 4, 2015, 'metinė', '8.0'),
(126, 8, 2015, 'metinė', '8.0'),
(127, 9, 2015, 'metinė', '8.2'),
(128, 1, 2015, 'metinė', '8.2'),
(129, 6, 2015, 'sausio', '-0.8'),
(130, 7, 2015, 'sausio', '-0.7'),
(131, 2, 2015, 'sausio', '-0.4'),
(132, 3, 2015, 'sausio', '1.0'),
(133, 4, 2015, 'sausio', '-0.8'),
(134, 8, 2015, 'sausio', '-0.7'),
(135, 9, 2015, 'sausio', '-0.6'),
(136, 1, 2015, 'sausio', '-1.1'),
(137, 6, 2015, 'liepos', '17.0'),
(138, 7, 2015, 'liepos', '15.9'),
(139, 2, 2015, 'liepos', '17.4'),
(140, 3, 2015, 'liepos', '17.2'),
(141, 4, 2015, 'liepos', '16.7'),
(142, 8, 2015, 'liepos', '16.9'),
(143, 9, 2015, 'liepos', '17.5'),
(144, 1, 2015, 'liepos', '17.3'),
(145, 6, 2014, 'metinė', '7.8'),
(146, 7, 2014, 'metinė', '7.4'),
(147, 2, 2014, 'metinė', '8.2'),
(148, 3, 2014, 'metinė', '8.6'),
(149, 4, 2014, 'metinė', '7.7'),
(150, 8, 2014, 'metinė', '7.6'),
(151, 9, 2014, 'metinė', '7.6'),
(152, 1, 2014, 'metinė', '7.7'),
(153, 6, 2014, 'sausio', '-6.1'),
(154, 7, 2014, 'sausio', '-5.7'),
(155, 2, 2014, 'sausio', '-5.3'),
(156, 3, 2014, 'sausio', '-4.0'),
(157, 4, 2014, 'sausio', '-6.1'),
(158, 8, 2014, 'sausio', '-6.4'),
(159, 9, 2014, 'sausio', '-6.1'),
(160, 1, 2014, 'sausio', '-6.4'),
(161, 6, 2014, 'liepos', '20.3'),
(162, 7, 2014, 'liepos', '19.5'),
(163, 2, 2014, 'liepos', '20.6'),
(164, 3, 2014, 'liepos', '21.1'),
(165, 4, 2014, 'liepos', '19.8'),
(166, 8, 2014, 'liepos', '19.7'),
(167, 9, 2014, 'liepos', '19.6'),
(168, 1, 2014, 'liepos', '20.1'),
(169, 6, 2013, 'metinė', '7.3'),
(170, 7, 2013, 'metinė', '6.8'),
(171, 2, 2013, 'metinė', '7.8'),
(172, 3, 2013, 'metinė', '8.1'),
(173, 4, 2013, 'metinė', '7.4'),
(174, 8, 2013, 'metinė', '7.1'),
(175, 9, 2013, 'metinė', '7.4'),
(176, 1, 2013, 'metinė', '7.3'),
(177, 6, 2013, 'sausio', '-7.0'),
(178, 7, 2013, 'sausio', '-6.8'),
(179, 2, 2013, 'sausio', '-6.7'),
(180, 3, 2013, 'sausio', '-4.7'),
(181, 4, 2013, 'sausio', '-6.6'),
(182, 8, 2013, 'sausio', '-7.3'),
(183, 9, 2013, 'sausio', '-6.5'),
(184, 1, 2013, 'sausio', '-7.0'),
(185, 6, 2013, 'liepos', '18.5'),
(186, 7, 2013, 'liepos', '17.5'),
(187, 2, 2013, 'liepos', '18.6'),
(188, 3, 2013, 'liepos', '18.0'),
(189, 4, 2013, 'liepos', '18.4'),
(190, 8, 2013, 'liepos', '18.2'),
(191, 9, 2013, 'liepos', '18.3'),
(192, 1, 2013, 'liepos', '18.0'),
(193, 6, 2012, 'metinė', '6.5'),
(194, 7, 2012, 'metinė', '6.1'),
(195, 2, 2012, 'metinė', '7.0'),
(196, 3, 2012, 'metinė', '7.5'),
(197, 4, 2012, 'metinė', '6.8'),
(198, 8, 2012, 'metinė', '6.5'),
(199, 9, 2012, 'metinė', '6.7'),
(200, 1, 2012, 'metinė', '6.5'),
(201, 6, 2012, 'sausio', '-3.2'),
(202, 7, 2012, 'sausio', '-3.2'),
(203, 2, 2012, 'sausio', '-2.9'),
(204, 3, 2012, 'sausio', '-1.1'),
(205, 4, 2012, 'sausio', '-3.5'),
(206, 8, 2012, 'sausio', '-3.8'),
(207, 9, 2012, 'sausio', '-3.6'),
(208, 1, 2012, 'sausio', '-3.9'),
(209, 6, 2012, 'liepos', '18.8'),
(210, 7, 2012, 'liepos', '17.7'),
(211, 2, 2012, 'liepos', '19.4'),
(212, 3, 2012, 'liepos', '18.7'),
(213, 4, 2012, 'liepos', '19.0'),
(214, 8, 2012, 'liepos', '19.2'),
(215, 9, 2012, 'liepos', '19.6'),
(216, 1, 2012, 'liepos', '19.5'),
(217, 6, 2011, 'metinė', '7.6'),
(218, 7, 2011, 'metinė', '6.9'),
(219, 2, 2011, 'metinė', '7.8'),
(220, 3, 2011, 'metinė', '8.5'),
(221, 4, 2011, 'metinė', '7.6'),
(222, 8, 2011, 'metinė', '7.4'),
(223, 9, 2011, 'metinė', '7.4'),
(224, 1, 2011, 'metinė', '7.5'),
(225, 6, 2011, 'sausio', '-3.1'),
(226, 7, 2011, 'sausio', '-3.3'),
(227, 2, 2011, 'sausio', '-3.0'),
(228, 3, 2011, 'sausio', '-1.0'),
(229, 4, 2011, 'sausio', '-2.8'),
(230, 8, 2011, 'sausio', '-3.2'),
(231, 9, 2011, 'sausio', '-2.7'),
(232, 1, 2011, 'sausio', '-3.3'),
(233, 6, 2011, 'liepos', '20.2'),
(234, 7, 2011, 'liepos', '18.3'),
(235, 2, 2011, 'liepos', '19.6'),
(236, 3, 2011, 'liepos', '19.0'),
(237, 4, 2011, 'liepos', '19.5'),
(238, 8, 2011, 'liepos', '20.0'),
(239, 9, 2011, 'liepos', '19.2'),
(240, 1, 2011, 'liepos', '19.6'),
(241, 6, 2010, 'metinė', '6.1'),
(242, 7, 2010, 'metinė', '5.4'),
(243, 2, 2010, 'metinė', '6.5'),
(244, 3, 2010, 'metinė', '6.6'),
(245, 4, 2010, 'metinė', '6.0'),
(246, 8, 2010, 'metinė', '6.3'),
(247, 9, 2010, 'metinė', '6.5'),
(248, 1, 2010, 'metinė', '6.5'),
(249, 6, 2010, 'sausio', '-12.0'),
(250, 7, 2010, 'sausio', '-10.6'),
(251, 2, 2010, 'sausio', '-10.2'),
(252, 3, 2010, 'sausio', '-8.1'),
(253, 4, 2010, 'sausio', '-11.6'),
(254, 8, 2010, 'sausio', '-11.1'),
(255, 9, 2010, 'sausio', '-10.6'),
(256, 1, 2010, 'sausio', '-10.4'),
(257, 6, 2010, 'liepos', '22.2'),
(258, 7, 2010, 'liepos', '20.4'),
(259, 2, 2010, 'liepos', '21.9'),
(260, 3, 2010, 'liepos', '20.9'),
(261, 4, 2010, 'liepos', '21.6'),
(262, 8, 2010, 'liepos', '22.1'),
(263, 9, 2010, 'liepos', '21.7'),
(264, 1, 2010, 'liepos', '21.8'),
(265, 6, 2009, 'metinė', '6.9'),
(266, 7, 2009, 'metinė', '6.4'),
(267, 2, 2009, 'metinė', '7.2'),
(268, 3, 2009, 'metinė', '8.1'),
(269, 4, 2009, 'metinė', '7.0'),
(270, 8, 2009, 'metinė', '6.9'),
(271, 9, 2009, 'metinė', '7.0'),
(272, 1, 2009, 'metinė', '6.9'),
(273, 6, 2009, 'sausio', '-2.8'),
(274, 7, 2009, 'sausio', '-3.2'),
(275, 2, 2009, 'sausio', '-3.4'),
(276, 3, 2009, 'sausio', '-0.3'),
(277, 4, 2009, 'sausio', '-2.4'),
(278, 8, 2009, 'sausio', '-3.1'),
(279, 9, 2009, 'sausio', '-3.8'),
(280, 1, 2009, 'sausio', '-3.8'),
(281, 6, 2009, 'liepos', '18.2'),
(282, 7, 2009, 'liepos', '17.2'),
(283, 2, 2009, 'liepos', '18.4'),
(284, 3, 2009, 'liepos', '18.7'),
(285, 4, 2009, 'liepos', '18.2'),
(286, 8, 2009, 'liepos', '18.0'),
(287, 9, 2009, 'liepos', '18.3'),
(288, 1, 2009, 'liepos', '18.0'),
(289, 6, 2008, 'metinė', '8.1'),
(290, 7, 2008, 'metinė', '7.6'),
(291, 2, 2008, 'metinė', '8.5'),
(292, 3, 2008, 'metinė', '9.1'),
(293, 4, 2008, 'metinė', '8.0'),
(294, 8, 2008, 'metinė', '8.0'),
(295, 9, 2008, 'metinė', '8.1'),
(296, 1, 2008, 'metinė', '7.9'),
(297, 6, 2008, 'sausio', '0.8'),
(298, 7, 2008, 'sausio', '0.6'),
(299, 2, 2008, 'sausio', '0.8'),
(300, 3, 2008, 'sausio', '2.7'),
(301, 4, 2008, 'sausio', '1.0'),
(302, 8, 2008, 'sausio', '0.3'),
(303, 9, 2008, 'sausio', '0.1'),
(304, 1, 2008, 'sausio', '-0.4'),
(305, 6, 2008, 'liepos', '15.6'),
(306, 7, 2008, 'liepos', '15.0'),
(307, 2, 2008, 'liepos', '16.0'),
(308, 3, 2008, 'liepos', '15.9'),
(309, 4, 2008, 'liepos', '15.5'),
(310, 8, 2008, 'liepos', '15.4'),
(311, 9, 2008, 'liepos', '15.8'),
(312, 1, 2008, 'liepos', '15.8'),
(313, 6, 2007, 'metinė', '7.5'),
(314, 7, 2007, 'metinė', '7.1'),
(315, 2, 2007, 'metinė', '8.1'),
(316, 3, 2007, 'metinė', '8.8'),
(317, 4, 2007, 'metinė', '7.6'),
(318, 8, 2007, 'metinė', '7.4'),
(319, 9, 2007, 'metinė', '7.8'),
(320, 1, 2007, 'metinė', '7.7'),
(321, 6, 2007, 'sausio', '0.3'),
(322, 7, 2007, 'sausio', '0.5'),
(323, 2, 2007, 'sausio', '1.3'),
(324, 3, 2007, 'sausio', '3.1'),
(325, 4, 2007, 'sausio', '0.5'),
(326, 8, 2007, 'sausio', '0.3'),
(327, 9, 2007, 'sausio', '1.3'),
(328, 1, 2007, 'sausio', '0.6'),
(329, 6, 2007, 'liepos', '17.1'),
(330, 7, 2007, 'liepos', '15.7'),
(331, 2, 2007, 'liepos', '17.1'),
(332, 3, 2007, 'liepos', '16.8'),
(333, 4, 2007, 'liepos', '16.8'),
(334, 8, 2007, 'liepos', '17.1'),
(335, 9, 2007, 'liepos', '17.2'),
(336, 1, 2007, 'liepos', '17.0'),
(337, 6, 2006, 'metinė', '7.4'),
(338, 7, 2006, 'metinė', '6.9'),
(339, 2, 2006, 'metinė', '7.6'),
(340, 3, 2006, 'metinė', '8.5'),
(341, 4, 2006, 'metinė', '7.5'),
(342, 8, 2006, 'metinė', '7.0'),
(343, 9, 2006, 'metinė', '7.1'),
(344, 1, 2006, 'metinė', '7.1'),
(345, 6, 2006, 'sausio', '-6.7'),
(346, 7, 2006, 'sausio', '-7.7'),
(347, 2, 2006, 'sausio', '-7.2'),
(348, 3, 2006, 'sausio', '-5.5'),
(349, 4, 2006, 'sausio', '-6.9'),
(350, 8, 2006, 'sausio', '-7.2'),
(351, 9, 2006, 'sausio', '-7.7'),
(352, 1, 2006, 'sausio', '-7.8'),
(353, 6, 2006, 'liepos', '20.8'),
(354, 7, 2006, 'liepos', '20.2'),
(355, 2, 2006, 'liepos', '20.9'),
(356, 3, 2006, 'liepos', '19.6'),
(357, 4, 2006, 'liepos', '20.8'),
(358, 8, 2006, 'liepos', '20.1'),
(359, 9, 2006, 'liepos', '20.5'),
(360, 1, 2006, 'liepos', '20.8'),
(361, 6, 2005, 'metinė', '6.6'),
(362, 7, 2005, 'metinė', '6.2'),
(363, 2, 2005, 'metinė', '7.0'),
(364, 3, 2005, 'metinė', '7.9'),
(365, 4, 2005, 'metinė', '6.8'),
(366, 8, 2005, 'metinė', '6.5'),
(367, 9, 2005, 'metinė', '6.7'),
(368, 1, 2005, 'metinė', '6.7'),
(369, 6, 2005, 'sausio', '-0.8'),
(370, 7, 2005, 'sausio', '-0.8'),
(371, 2, 2005, 'sausio', '-0.3'),
(372, 3, 2005, 'sausio', '1.6'),
(373, 4, 2005, 'sausio', '-0.4'),
(374, 8, 2005, 'sausio', '-0.8'),
(375, 9, 2005, 'sausio', '-0.4'),
(376, 1, 2005, 'sausio', '-0.9'),
(377, 6, 2005, 'liepos', '18.9'),
(378, 7, 2005, 'liepos', '18.0'),
(379, 2, 2005, 'liepos', '19.0'),
(380, 3, 2005, 'liepos', '19.3'),
(381, 4, 2005, 'liepos', '18.9'),
(382, 8, 2005, 'liepos', '18.4'),
(383, 9, 2005, 'liepos', '18.6'),
(384, 1, 2005, 'liepos', '19.1'),
(385, 6, 2004, 'metinė', '6.6'),
(386, 7, 2004, 'metinė', '6.0'),
(387, 2, 2004, 'metinė', '6.9'),
(388, 3, 2004, 'metinė', '7.9'),
(389, 4, 2004, 'metinė', '6.7'),
(390, 8, 2004, 'metinė', '6.5'),
(391, 9, 2004, 'metinė', '6.7'),
(392, 1, 2004, 'metinė', '6.3'),
(393, 6, 2004, 'sausio', '-7.0'),
(394, 7, 2004, 'sausio', '-7.5'),
(395, 2, 2004, 'sausio', '-7.4'),
(396, 3, 2004, 'sausio', '-5.2'),
(397, 4, 2004, 'sausio', '-7.0'),
(398, 8, 2004, 'sausio', '-7.6'),
(399, 9, 2004, 'sausio', '-7.3'),
(400, 1, 2004, 'sausio', '-7.7'),
(401, 6, 2004, 'liepos', '16.7'),
(402, 7, 2004, 'liepos', '15.2'),
(403, 2, 2004, 'liepos', '16.6'),
(404, 3, 2004, 'liepos', '16.7'),
(405, 4, 2004, 'liepos', '16.4'),
(406, 8, 2004, 'liepos', '16.7'),
(407, 9, 2004, 'liepos', '16.5'),
(408, 1, 2004, 'liepos', '16.5'),
(409, 6, 2003, 'metinė', '6.7'),
(410, 7, 2003, 'metinė', '6.2'),
(411, 2, 2003, 'metinė', '6.9'),
(412, 3, 2003, 'metinė', '7.7'),
(413, 4, 2003, 'metinė', '6.8'),
(414, 8, 2003, 'metinė', '6.4'),
(415, 9, 2003, 'metinė', '6.6'),
(416, 1, 2003, 'metinė', '6.5'),
(417, 6, 2003, 'sausio', '-5.6'),
(418, 7, 2003, 'sausio', '-5.4'),
(419, 2, 2003, 'sausio', '-5.0'),
(420, 3, 2003, 'sausio', '-3.2'),
(421, 4, 2003, 'sausio', '-4.8'),
(422, 8, 2003, 'sausio', '-5.5'),
(423, 9, 2003, 'sausio', '-5.5'),
(424, 1, 2003, 'sausio', '-5.9'),
(425, 6, 2003, 'liepos', '20.4'),
(426, 7, 2003, 'liepos', '19.3'),
(427, 2, 2003, 'liepos', '20.1'),
(428, 3, 2003, 'liepos', '19.9'),
(429, 4, 2003, 'liepos', '20.2'),
(430, 8, 2003, 'liepos', '19.7'),
(431, 9, 2003, 'liepos', '19.8'),
(432, 1, 2003, 'liepos', '19.7'),
(433, 6, 2002, 'metinė', '7.3'),
(434, 7, 2002, 'metinė', '7.1'),
(435, 2, 2002, 'metinė', '8.1'),
(436, 3, 2002, 'metinė', '8.7'),
(437, 4, 2002, 'metinė', '7.5'),
(438, 8, 2002, 'metinė', '7.2'),
(439, 9, 2002, 'metinė', '7.5'),
(440, 1, 2002, 'metinė', '7.6'),
(441, 6, 2002, 'sausio', '-1.9'),
(442, 7, 2002, 'sausio', '-1.4'),
(443, 2, 2002, 'sausio', '-1.5'),
(444, 3, 2002, 'sausio', '1.1'),
(445, 4, 2002, 'sausio', '-1.2'),
(446, 8, 2002, 'sausio', '-2.3'),
(447, 9, 2002, 'sausio', '-1.8'),
(448, 1, 2002, 'sausio', '-2.5'),
(449, 6, 2002, 'liepos', '20.0'),
(450, 7, 2002, 'liepos', '18.3'),
(451, 2, 2002, 'liepos', '20.6'),
(452, 3, 2002, 'liepos', '19.6'),
(453, 4, 2002, 'liepos', '19.5'),
(454, 8, 2002, 'liepos', '20.2'),
(455, 9, 2002, 'liepos', '20.6'),
(456, 1, 2002, 'liepos', '20.8'),
(457, 6, 2001, 'metinė', '6.9'),
(458, 7, 2001, 'metinė', '6.5'),
(459, 2, 2001, 'metinė', '7.3'),
(460, 3, 2001, 'metinė', '7.9'),
(461, 4, 2001, 'metinė', '7.1'),
(462, 8, 2001, 'metinė', '6.8'),
(463, 9, 2001, 'metinė', '7.0'),
(464, 1, 2001, 'metinė', '6.6'),
(465, 6, 2001, 'sausio', '-1.2'),
(466, 7, 2001, 'sausio', '-1.5'),
(467, 2, 2001, 'sausio', '-1.0'),
(468, 3, 2001, 'sausio', '0.4'),
(469, 4, 2001, 'sausio', '-1.1'),
(470, 8, 2001, 'sausio', '-1.2'),
(471, 9, 2001, 'sausio', '-1.1'),
(472, 1, 2001, 'sausio', '-1.8'),
(473, 6, 2001, 'liepos', '21.1'),
(474, 7, 2001, 'liepos', '19.8'),
(475, 2, 2001, 'liepos', '20.9'),
(476, 3, 2001, 'liepos', '20.1'),
(477, 4, 2001, 'liepos', '20.8'),
(478, 8, 2001, 'liepos', '21.1'),
(479, 9, 2001, 'liepos', '21.0'),
(480, 1, 2001, 'liepos', '20.8'),
(481, 6, 2000, 'metinė', '7.8'),
(482, 7, 2000, 'metinė', '7.5'),
(483, 2, 2000, 'metinė', '8.3'),
(484, 3, 2000, 'metinė', '9.0'),
(485, 4, 2000, 'metinė', '8.0'),
(486, 8, 2000, 'metinė', '7.7'),
(487, 9, 2000, 'metinė', '8.0'),
(488, 1, 2000, 'metinė', '7.8'),
(489, 6, 2000, 'sausio', '-2.6'),
(490, 7, 2000, 'sausio', '-2.3'),
(491, 2, 2000, 'sausio', '-2.5'),
(492, 3, 2000, 'sausio', '0.4'),
(493, 4, 2000, 'sausio', '-2.0'),
(494, 8, 2000, 'sausio', '-3.0'),
(495, 9, 2000, 'sausio', '-3.2'),
(496, 1, 2000, 'sausio', '-3.4'),
(497, 6, 2000, 'liepos', '16.2'),
(498, 7, 2000, 'liepos', '15.2'),
(499, 2, 2000, 'liepos', '16.2'),
(500, 3, 2000, 'liepos', '16.2'),
(501, 4, 2000, 'liepos', '16.2'),
(502, 8, 2000, 'liepos', '15.9'),
(503, 9, 2000, 'liepos', '16.0'),
(504, 1, 2000, 'liepos', '15.8'),
(505, 6, 1999, 'metinė', '7.4'),
(506, 7, 1999, 'metinė', '7.0'),
(507, 2, 1999, 'metinė', '7.8'),
(508, 3, 1999, 'metinė', '8.4'),
(509, 4, 1999, 'metinė', '7.6'),
(510, 8, 1999, 'metinė', '7.4'),
(511, 9, 1999, 'metinė', '7.6'),
(512, 1, 1999, 'metinė', '7.6'),
(513, 6, 1999, 'sausio', '-2.8'),
(514, 7, 1999, 'sausio', '-2.2'),
(515, 2, 1999, 'sausio', '-2.1'),
(516, 3, 1999, 'sausio', '-0.6'),
(517, 4, 1999, 'sausio', '-2.1'),
(518, 8, 1999, 'sausio', '-2.5'),
(519, 9, 1999, 'sausio', '-2.3'),
(520, 1, 1999, 'sausio', '-2.8'),
(521, 6, 1999, 'liepos', '19.5'),
(522, 7, 1999, 'liepos', '18.4'),
(523, 2, 1999, 'liepos', '20.0'),
(524, 3, 1999, 'liepos', '19.4'),
(525, 4, 1999, 'liepos', '19.4'),
(526, 8, 1999, 'liepos', '19.7'),
(527, 9, 1999, 'liepos', '20.1'),
(528, 1, 1999, 'liepos', '20.5'),
(529, 6, 1998, 'metinė', '6.4'),
(530, 7, 1998, 'metinė', '5.9'),
(531, 2, 1998, 'metinė', '6.8'),
(532, 3, 1998, 'metinė', '7.4'),
(533, 4, 1998, 'metinė', '6.5'),
(534, 8, 1998, 'metinė', '6.4'),
(535, 9, 1998, 'metinė', '6.6'),
(536, 1, 1998, 'metinė', '6.4'),
(537, 6, 1998, 'sausio', '0.0'),
(538, 7, 1998, 'sausio', '-0.2'),
(539, 2, 1998, 'sausio', '0.1'),
(540, 3, 1998, 'sausio', '2.0'),
(541, 4, 1998, 'sausio', '0.1'),
(542, 8, 1998, 'sausio', '-0.1'),
(543, 9, 1998, 'sausio', '-0.4'),
(544, 1, 1998, 'sausio', '-0.7'),
(545, 6, 1998, 'liepos', '16.4'),
(546, 7, 1998, 'liepos', '14.8'),
(547, 2, 1998, 'liepos', '16.3'),
(548, 3, 1998, 'liepos', '15.9'),
(549, 4, 1998, 'liepos', '16.1'),
(550, 8, 1998, 'liepos', '16.4'),
(551, 9, 1998, 'liepos', '16.6'),
(552, 1, 1998, 'liepos', '16.4'),
(553, 6, 1997, 'metinė', '6.5'),
(554, 7, 1997, 'metinė', '6.2'),
(555, 2, 1997, 'metinė', '6.9'),
(556, 3, 1997, 'metinė', '7.7'),
(557, 4, 1997, 'metinė', '6.6'),
(558, 8, 1997, 'metinė', '6.3'),
(559, 9, 1997, 'metinė', '6.4'),
(560, 1, 1997, 'metinė', '6.3'),
(561, 6, 1997, 'sausio', '-3.9'),
(562, 7, 1997, 'sausio', '-4.0'),
(563, 2, 1997, 'sausio', '-4.4'),
(564, 3, 1997, 'sausio', '-1.1'),
(565, 4, 1997, 'sausio', '-3.2'),
(566, 8, 1997, 'sausio', '-4.5'),
(567, 9, 1997, 'sausio', '-5.6'),
(568, 1, 1997, 'sausio', '-5.4'),
(569, 6, 1997, 'liepos', '18.6'),
(570, 7, 1997, 'liepos', '17.8'),
(571, 2, 1997, 'liepos', '18.5'),
(572, 3, 1997, 'liepos', '18.1'),
(573, 4, 1997, 'liepos', '18.9'),
(574, 8, 1997, 'liepos', '18.3'),
(575, 9, 1997, 'liepos', '17.8'),
(576, 1, 1997, 'liepos', '17.9'),
(577, 6, 1996, 'metinė', '5.2'),
(578, 7, 1996, 'metinė', '4.7'),
(579, 2, 1996, 'metinė', '5.6'),
(580, 3, 1996, 'metinė', '6.3'),
(581, 4, 1996, 'metinė', '5.0'),
(582, 8, 1996, 'metinė', '5.1'),
(583, 9, 1996, 'metinė', '5.4'),
(584, 1, 1996, 'metinė', '5.3'),
(585, 6, 1996, 'sausio', '-7.7'),
(586, 7, 1996, 'sausio', '-7.6'),
(587, 2, 1996, 'sausio', '-7.7'),
(588, 3, 1996, 'sausio', '-5.3'),
(589, 4, 1996, 'sausio', '-7.9'),
(590, 8, 1996, 'sausio', '-8.1'),
(591, 9, 1996, 'sausio', '-8.5'),
(592, 1, 1996, 'sausio', '-8.8'),
(593, 6, 1996, 'liepos', '15.5'),
(594, 7, 1996, 'liepos', '14.1'),
(595, 2, 1996, 'liepos', '15.6'),
(596, 3, 1996, 'liepos', '15.3'),
(597, 4, 1996, 'liepos', '15.4'),
(598, 8, 1996, 'liepos', '15.3'),
(599, 9, 1996, 'liepos', '15.6'),
(600, 1, 1996, 'liepos', '15.4'),
(601, 6, 1995, 'metinė', '6.9'),
(602, 7, 1995, 'metinė', '6.3'),
(603, 2, 1995, 'metinė', '7.1'),
(604, 3, 1995, 'metinė', '7.9'),
(605, 4, 1995, 'metinė', '6.9'),
(606, 8, 1995, 'metinė', '6.8'),
(607, 9, 1995, 'metinė', '6.9'),
(608, 1, 1995, 'metinė', '6.7'),
(609, 6, 1995, 'sausio', '-3.6'),
(610, 7, 1995, 'sausio', '-4.0'),
(611, 2, 1995, 'sausio', '-3.7'),
(612, 3, 1995, 'sausio', '-1.5'),
(613, 4, 1995, 'sausio', '-3.6'),
(614, 8, 1995, 'sausio', '-3.8'),
(615, 9, 1995, 'sausio', '-3.8'),
(616, 1, 1995, 'sausio', '-4.3'),
(617, 6, 1995, 'liepos', '17.5'),
(618, 7, 1995, 'liepos', '16.8'),
(619, 2, 1995, 'liepos', '18.1'),
(620, 3, 1995, 'liepos', '17.8'),
(621, 4, 1995, 'liepos', '17.6'),
(622, 8, 1995, 'liepos', '17.4'),
(623, 9, 1995, 'liepos', '17.9'),
(624, 1, 1995, 'liepos', '18.1'),
(625, 6, 1990, 'metinė', '7.8'),
(626, 7, 1990, 'metinė', '7.5'),
(627, 2, 1990, 'metinė', '8.1'),
(628, 3, 1990, 'metinė', '9.0'),
(629, 4, 1990, 'metinė', '7.8'),
(630, 8, 1990, 'metinė', '7.6'),
(631, 9, 1990, 'metinė', '7.9'),
(632, 1, 1990, 'metinė', '7.7'),
(633, 6, 1990, 'sausio', '0.2'),
(634, 7, 1990, 'sausio', '0.8'),
(635, 2, 1990, 'sausio', '0.9'),
(636, 3, 1990, 'sausio', '2.7'),
(637, 4, 1990, 'sausio', '0.9'),
(638, 8, 1990, 'sausio', '0.0'),
(639, 9, 1990, 'sausio', '0.6'),
(640, 1, 1990, 'sausio', '-0.1'),
(641, 6, 1990, 'liepos', '15.9'),
(642, 7, 1990, 'liepos', '15.2'),
(643, 2, 1990, 'liepos', '16.0'),
(644, 3, 1990, 'liepos', '16.5'),
(645, 4, 1990, 'liepos', '15.9'),
(646, 8, 1990, 'liepos', '15.5'),
(647, 9, 1990, 'liepos', '15.7'),
(648, 1, 1990, 'liepos', '15.5');

--
-- Indexes for dumped tables
--

--
-- Indexes for table `duoemnys_zali`
--
ALTER TABLE `duoemnys_zali`
  ADD PRIMARY KEY (`id`);

--
-- Indexes for table `miestai`
--
ALTER TABLE `miestai`
  ADD PRIMARY KEY (`id`),
  ADD UNIQUE KEY `pav` (`pav`),
  ADD KEY `kodas_salies` (`kodas_salies`);

--
-- Indexes for table `temperaturos`
--
ALTER TABLE `temperaturos`
  ADD PRIMARY KEY (`id`),
  ADD KEY `id_miesto` (`id_miesto`);

--
-- AUTO_INCREMENT for dumped tables
--

--
-- AUTO_INCREMENT for table `duoemnys_zali`
--
ALTER TABLE `duoemnys_zali`
  MODIFY `id` int(10) UNSIGNED NOT NULL AUTO_INCREMENT, AUTO_INCREMENT=649;

--
-- AUTO_INCREMENT for table `miestai`
--
ALTER TABLE `miestai`
  MODIFY `id` int(10) UNSIGNED NOT NULL AUTO_INCREMENT, AUTO_INCREMENT=13;

--
-- AUTO_INCREMENT for table `temperaturos`
--
ALTER TABLE `temperaturos`
  MODIFY `id` int(10) UNSIGNED NOT NULL AUTO_INCREMENT, AUTO_INCREMENT=1024;

--
-- Constraints for dumped tables
--

--
-- Constraints for table `temperaturos`
--
ALTER TABLE `temperaturos`
  ADD CONSTRAINT `temperaturos_ibfk_1` FOREIGN KEY (`id_miesto`) REFERENCES `miestai` (`id`);
COMMIT;

/*!40101 SET CHARACTER_SET_CLIENT=@OLD_CHARACTER_SET_CLIENT */;
/*!40101 SET CHARACTER_SET_RESULTS=@OLD_CHARACTER_SET_RESULTS */;
/*!40101 SET COLLATION_CONNECTION=@OLD_COLLATION_CONNECTION */;
